top,bookname,collection,info,label,type
1,绝代神主,10130881,苏家少主苏莫，觉醒出逆天武魂，却被认为是最低级的垃圾武魂，受尽屈辱……且看苏莫如何凭借着逆天武魂，一路崛起，一路逆袭……【读者群：703269794】,重生、天才流、剑修、热血,[玄幻]
2,万道剑尊,6169379,少年得大天造化诀，在逆境中崛起，在绝境中争得一线生机，踏天道，破苍穹，剑指神霄，战遍九天十地！,热血、豪门、强者回归、玄学,[玄幻]
3,凌天战尊,6032087,【2014星创奖第一季参赛作品】地球最强兵王魂穿异世，融轮回武帝记忆，修《九龙战尊诀》，所向披靡，战威无可敌！     会炼药、能炼器、懂铭纹……    生活职业，全能才是王道！！,热血、特种兵、重生、丹药,[玄幻]
4,择天记,5831179,命里有时终须有，命里无时要强求。这是一个长生果的故事。,暂无,[玄幻]
5,太古龙象诀,5825744,【【2016星创奖之玄幻参赛作品】】太古时代，强者如云，有妖族巨擘，仰天长啸吼碎域外星辰，有人族无上大能，挥手斩碎万古苍穹。更有太古龙象，掌管亿万星域，统治诸天万界。而曾经最为强大的太古禁忌神术太古龙象诀却自太古时代结束便消失不见，时至今日，太古龙象诀已经失传亿万年。无尽岁月后，落魄少年林枫偶得太古第一禁忌神术太古龙象诀。当林枫从世界最北部一个偏远小城走出之后，一段传奇由此展开。这是一个强者如林，万族争锋的世界。 问苍茫大地，谁主沉浮？ 林枫凭借太古龙象诀，战天斗地，横扫诸天强者，霸绝万界。群号：426393872，群号2：593922637,勇猛、特种兵、无限流、玄学,[玄幻]
6,龙血武帝,5098188,【2014Next Idea原创文学大赏参赛作品】【玄幻火书】诸天万界，万道争锋！逆命少年得困龙升天柱，觉醒亿万龙力，横空出世，淬上古龙血，修浮屠功法，为爱杀上九重天，以三千通能，铸永恒国度，登上武帝之巅。,铁血、特种兵、争霸流、丹药,[玄幻]
7,不灭龙帝,4875400,身怀绝世血脉，少年自北漠拉棺而来，他要将世上神魔全部埋葬。,暂无,[玄幻]
8,万古神帝,4832370,【NEXT IDEA 暨2015星创奖征文大赏（玄幻）】八百年前，明帝之子张若尘，被他的未婚妻池瑶公主杀死，一代天骄，就此陨落。    八百年后，张若尘重新活了过来，却发现曾经杀死他的未婚妻，      已经统一昆仑界，开辟出第一中央帝国，号称“池瑶女皇”。    池瑶女皇——统御天下，威临八方；青春永驻，不死不灭。    张若尘站在诸皇祠堂外，望着池瑶女皇的神像，心中燃烧起熊熊的仇恨烈焰，“待我重修十三年，敢叫女皇下黄泉”。…………,暂无,[玄幻]
9,神武战王,4568760,圣域第一公子江辰遭心爱的人背叛，不幸陨落。灵魂穿越到五百年后，九天大陆一名同名同姓的少年身上。身怀至尊神脉，掌握无数秘典，江辰发誓要杀回圣域，手刃仇敌。,豪门、练功流、位面,[玄幻]
10,太古星辰诀,4291500,蛮荒大陆，武道为尊，实力为尊。一代天骄叶辰，携太古无上神诀，横空出世，炼武脉，渡雷劫，融真灵神血，武震六合八荒，神游诸天万界，以亿万星辰永恒不灭之秘境，鏖战天下！无穷无尽的宝物，光怪陆离的世界，宗门，古族，仙子，魔女，恩怨情仇，热血争斗，一切的一切，尽在其中。,热血、练功流,[玄幻]
11,神道丹尊,4112956,（新书《云天帝》已经上传）绝世强者、一代丹帝凌寒为追求成神之路而殒落，万年后携《不灭天经》重生于同名少年，从此风云涌动，与当世无数天才争锋，重启传奇之路，万古诸天我最强！,腹黑、豪门、重生、丹药,[玄幻]
12,太古至尊,3991180,【玄幻经典】【热血爽文】天魂大陆上九大至尊之一，最年轻的丹尊，重生成为一个普通世家的小辈，莫青云。   从此莫青云之名，便如同彗星一般，瞬间崛起在天魂大陆，超越一个个大家族、大宗派的天才。   至尊重生，装逼打脸吃老虎，一样的热血，不一样的崛起之路。,无敌流、天才流、嘴炮、杀伐果断、仙帝、脑洞大、快节奏、热血,[玄幻]
13,太古神王,3867391,【玄幻爽文】九天大陆，天穹之上有九条星河，亿万星辰，皆为武命星辰，武道之人，可沟通星辰，觉醒星魂，成武命修士。传说，九天大陆最为厉害的武修，每突破一个境界，便能开辟一扇星门，从而沟通一颗星辰，直至，让九重天上，都有自己的武命星辰，化身通天彻地的太古神王。亿万生灵、诸天万界，秦问天笑看苍天，他要做天空，最亮的那颗星辰。,暂无,[玄幻]
14,九龙神鼎,3589817,【2014星创奖第五季参赛作品】一念可碎日月星辰，一指可灭苍天霸主，谈笑间，诸天十界灰飞烟灭。  一个从山沟走出的穷小子，手握九龙神鼎，掌控万古时空，踏上太古神道，与诸天帝子争锋，与神话时代碰撞，在光怪陆离的大千世界中，逆流而上。,热血、无敌文,[玄幻]
15,神荒龙帝,3486985,一滴龙血，可压碎山河，一根龙骨，可撕裂苍穹，一双龙眸，可看穿古今！在这里，有女帝君临天下！有古兽只手遮天！ 有大魔祸乱天地，也有人族先贤镇压八荒！少年凌飞身怀龙骨，崛起于微末，闯神荒，探帝墓，开启了一条与亿万神魔争锋的无敌 之路！ 整个天地……因他而变 ！【已有六百万字完本老书《不死武尊》】更有国漫精品《大唐玄笔录》，网文，影视等多方面联动，妖月夜出品，必属精品，可放心阅读。,系统流、异兽流、无敌流、召唤流、天才流、诸天流、老师、脑洞大,[玄幻]
16,九阳帝尊,3449529,一头比山岳还要大的金翅大鹏，成了少年楚晨的分身，从此他获得了进入神墓的资格，神墓之中，一座座玉棺散发着摧枯拉朽的上古之力....,轻松、无敌文、丹药,[玄幻]
17,不死武尊,3085670,【完本火书】一个落魄的少年偶得吞天神诀，可吞噬一切天地元气为己用，从此逆天破命，一雪前耻，凭借着神奇的生命武魂，他凝聚不死之身，横扫九天十地，雄霸天下！火热新书【不死武皇】正连载中，认准作者，妖月夜！,重生、系统流、无敌流、天才流、扮猪吃虎、强者归来、仙帝、热血,[玄幻]
18,全职法师,2369457,一觉醒来，世界巨变。藏匿于西湖下的图腾玄蛇，屹立时如摩天大厦。游荡在古都城墙外的亡灵大军，它们只听从皇陵下传出的低语。埃及金字塔中的冥王，它和它的部众始终觊觎着东方大地！伦敦有着伟大的驯龙世家。希腊帕特农圣山上，有神女祈福。威尼斯被誉为水系魔法之都。奈斯卡巨画从沉睡中苏醒。贺兰山风与雨侵蚀出的岩纹，组成一只眼，山脊是眶，数万年来凝视着上苍。,腹黑、学生,[玄幻]
19,妖龙古帝,2300980,妖龙古帝苏寒，曾经执掌圣域，镇压一世，为银河星系之巅！却因融合各大修为层次，走火入魔，形神俱灭。手下叛变，挚爱沉睡，好友被追杀！重活一世，定当卷土重来，逆转乾坤，杀尽一切叛变之人！【妖龙古帝】书友群1群：663538422。【妖龙古帝】订阅群：854293507。,铁血、医生、重生、位面,[玄幻]
20,主宰之王,2123108,他意志坚韧，不甘平庸，却资质平平，出自卑微的支族。一次意外，他融合一只太古神灵的眼睛，从此鲤鱼跃龙门，如彗星般崛起，踏上传奇修行之路。从渺小蝼蚁的世界底层，步步生莲，踏入这个宗门林立、天才如云、远古万族、神话争锋、波澜壮阔的大时代。————  【新书《永恒之心》 已经发布】  可以交流，获取更多独家资讯。,暂无,[玄幻]
21,武道霸主,1887388,"【2014星创奖第一季参赛作品】人有三魂七魄，七魄壮，能肉搏蛟龙；三魂升，可手摘日月！少年罗峰痴情三年,却换来无情背叛！夺舍融合后，他身具五魂十四魄，成为天下第一妖孽，带着霸道之势，横扫寰宇八荒！vip书友群:171707940",嚣张、无敌文、热血、成神流、智商在线、天才流、升级流,[玄幻]
22,伏天氏,1856058,东方神州，有人皇立道统，有圣贤宗门传道，有诸侯雄踞一方王国，诸强林立，神州动乱千万载，值此之时，一代天骄叶青帝及东凰大帝横空出世，东方神州一统！      然，叶青帝忽然暴毙，世间雕像尽皆被毁，于世间除名，沦为禁忌；从此神州唯东凰大帝独尊！      十五年后，东海青州城，一名为叶伏天的少年，开启了他的传奇之路…,暂无,[玄幻]
23,永恒圣帝,1794884,【NEXT IDEA 暨2015星创奖征文大赏（玄幻）】【日更百万字神作！】      在这天地间，有一帝座，至高无上，主宰天下沉浮。      诸天万域，万千种族，亿万生灵，莫不俯首称臣。      大世天骄，万域纷争，争相竞逐无上帝座，角逐最强帝者。      一代人族绝世天骄叶晨渡史上最可怕的大劫而殒落，转世重生，带着前世记忆再度修炼，欲要成为永恒不朽的无上帝君。      且看一代至尊的重生逆天之路！,热血、强者回归、位面,[玄幻]
24,九幽天帝,1649583,【2014星创奖第五季参赛作品】【暴爽爽文，火爆玄幻】为夺有望冲击神境至宝万物之源，一代强者九幽大帝陨落，重生为一名叫石枫的少年。且看石枫如何凭借苏醒的前世记忆，扼杀各方天才，夺天地造化，踏着累累白骨，回归大帝之位！创了个书友群：14865773。,热血、练功流、重生、杀伐果断、无敌流、扮猪吃虎、轻松、系统流,[玄幻]
25,剑破九天,1546041,一剑诛仙佛，一剑葬神魔！他本是皇城第一武道天才，却被未婚妻设计毁去丹田，无法修行。绝望之际，竟发现体内藏有一座剑神墓！十八道神秘墓碑，刻印着无上剑道绝学，墓中更有一道神剑之魂，名为葬天！从此之后，一个亘古未有的剑神横空出世，威震九天！,热血、杀手、废柴流、位面,[玄幻]
26,七界武神,1505281,【推荐新书《大尊》】 神州大陆，唯武独尊！    在这片浩瀚的大陆，武者便是金字塔顶端的生物，强大的武者可以粉碎天地，打破苍穹，战上九重天。    而要想成为武者，就必须拥有武魂！    叶天是一名华夏国的特种兵，穿越到了这个崇武的世界，凭着与生俱来天赋，他在十五岁时便达到了觉醒武魂的条件，可惜命运和他开了一个玩笑，他竟然没有武魂！    然而一次奇遇之后，让他得到了上古巫师的禁忌手册，练成了吞噬体质，没有武魂？可以吞噬别人的武魂。,无敌文、穿越,[玄幻]
27,万古至尊,1497190,十大封号武帝之一，绝世古飞扬在天荡山脉陨落，于十五年后转世重生，化为天水国公子李云霄，开启了一场与当世无数天才相争锋的逆天之旅。武道九重，十方神境，从此整个世界暴走！//火爆新书《天神诀》已发，欢迎大家捧场。,铁血、特种兵、无限流、西游,[玄幻]
28,绝世药神,1312397,【NEXT IDEA 暨2015星创奖征文大赏（玄幻）】一代丹帝被奸人陷害从此，世上少了一个青云子，多了一个无敌纨绔重走丹药大道何以逆苍天，以我手中药！vip书友群478668611，进群需验证粉丝值，舵主以上可入,重生、嚣张、丹药,[玄幻]
29,神魔天尊,1290664,剑阁侯府，第四代子孙“宁小川”，在他被送进墓地埋葬时，却因为一位天外来客的到来，起死回生，从棺材里面爬出！   命运从此改变…   一滴神水，显化一个万族世界；魔剑一挥，斩破三千繁华宇宙。   待到神魔通天时，立地三日化至尊！,热血、穿越,[玄幻]
30,万龙神尊,1237995,那前方尸骨如山，血似海流，而他从长生中来，无路可走，唯九死一生。书友群：普通书友群577050312，正版读者群：616904347,热血、杀手、系统流、位面,[玄幻]
31,疯狂升级系统,1209241,【【2016星创奖之玄幻参赛作品】】【火热升级系统】经脉残破不能修炼？没关系！有疯狂升级系统，做任务，杀杀怪，吞噬点别人灵力，或者是炼制下丹药，刻下大阵，就能获得经验！经验值太低？不怕，我有双倍经验卡，十倍经验卡！经验值爆爆爆，级数升升升！什么天才，什么大家族少爷，什么帝国皇子，再妖孽的天赋，面对这疯狂升级，都被远远甩在后面！“咦，我又升级了？”易天云一觉醒来，发现自己又升级了……,热血、宅男、系统流、位面,[玄幻]
32,武神血脉,1155562,【2014星创奖第一季参赛作品】少年李叶，偶得太古血祖之神瞳，融合成自身神级血脉，从此鲤鱼跃龙门，彗星般崛起！修武道巅峰，踏上成神之路，笑傲苍穹！,成神流、穿越、天才流、扮猪吃虎、多女主、长生、杀伐果断、热血,[玄幻]
33,狂武战帝,1143655,【中国梦征文参赛作品】若这山河不在，要我残躯何用？《神魔之上》新书已经发布，日更一万+,护短、孤儿、练功流、赚钱,[玄幻]
34,天神诀,1064651,【火爆玄幻】一滴魔血，照破山河万朵。一卷古经，湮灭日月轮回。一部神诀，埋葬诸天至尊。杨青玄得天命传承，修无敌之法，开启了一场碾压当世无数天才，通往万古不朽的强者之路！“我一向以德服人，不服的都是死人！”,爆笑、学生、强者回归、玄学,[玄幻]
35,焚天神帝,1000656,【中国梦征文参赛作品】【新书：九域仙王（温柔美女师父，泼辣小师妹，妖娆神秘的九域女皇！）】九界御火第一师，丹祖，器神，杀人王，毁天灭地弹指间。他是世间第一狂。---------------------------------------------------------------------------------,暂无,[玄幻]
36,傲剑天穹,956549,百年星祭，七星坠落！究竟是开罪了上天，还是另有原因？身体羸弱的少年，丹田中蕴藏七星之魂，从此踏上一条登天之路一个浩大的玄幻世界，热血澎湃，神秘无尽。七星耀，天下惊；叱咤星空，傲剑天穹！,暂无,[玄幻]
37,武破九荒,941843,【中国梦征文参赛作品】真灵大陆，天骄当世，妖孽横行。出身卑微的少年萧叶，得远古传承，从此武极天下，横推万敌。无敌的战场，天才血如海，妖孽骨成山，萧叶步步前行，登临绝巅，一路打到世上无人敢称尊。吾辈武者，当宁折不屈，杀伐决断，快意恩仇，镇杀世间一切敌！,热血、无敌文,[玄幻]
38,至尊剑皇,926009,古幽大陆，万族林立，一个小镇中的少年，坠崖重生，掀起一场惊动千古的浪潮。,暂无,[玄幻]
39,万古大帝,908800,【【2016星创奖之玄幻参赛作品】】吞天至尊凌霄，战神大陆十大封号至尊之首，触摸到神灵之境的绝世强者，却因好友陷害而死，重生于万年后一个平凡少年的身上。拳出乾坤动，念动星河灭，一代至尊，荣耀归来，从此踏上了一条横扫各路天才的无敌之路！《万古大帝》书友群：597752565。《万古大帝》VIP书友群：614330688，需要全订加截图验证。,热血、无敌文、龙,[玄幻]
40,逆剑狂神,894999,【2014Next Idea原创文学大赏参赛作品】少年林轩，灵脉破碎，遭人欺辱。偶得神秘小剑，开灵脉，练神功，悟无上剑道，衍化攻伐圣术！一剑星辰灭，一剑神魔惊，一剑在手，一世狂神！,嚣张、豪门、练功流、龙,[玄幻]
41,帝灭苍穹,892884,星域之内，地区以‘版图’之分，一为最低，七为最高。七级版图十大神族之首‘帝神族’圣子降临，可修肉体，可修法则！然其资质太高，天地不容，受天劫追杀，降临一级版图最弱星球。一段崛起之路，就此开始。……这是一个波澜壮阔的世界，在这里，有毁天灭地的大能，有可化山海的大妖，有实力滔天的圣魔，有掌握星空的帝神！“天不容我，我便灭了这天，以万古星界，成我一方神域！”  官方群：129868248  推荐女王新书——《极品仙帝在花都》,热血,[玄幻]
42,战天龙帝,880207,【【2016星创奖之玄幻参赛作品】】〔暴爽玄幻，最热爽文〕少年萧羿，血脉觉醒失败，父母遗留宝物被夺，受尽屈辱！却得龙帝逆鳞，铸造出了最强血脉。从此，萧羿脚踏天才，镇压龙族，吞噬万族血脉，一路崛起，成就史上最强龙帝。  我为龙帝，当主宰天地万物，万古不朽。,热血、无敌文、穿越、轻松,[玄幻]
43,狂武神帝,855673,【【2016星创奖之玄幻参赛作品】】（推荐小迁完结老书《灵鼎》，欢迎品读！）岁月洞，为人间五大禁地之一，方圆百丈万物枯寂，入者，十死无生！“九千年，我竟沉睡了九千年……”这一日，岁月洞中，少年睁开了双眼…,爆笑、老师、无敌文、玄学,[玄幻]
44,太古吞噬诀,845790,（新书发布:从扫墓开始签到，我无敌天下）我有一眼，能让神魔颤栗！我有一剑，可叫血漫九天！,热血、孤儿、重生、龙,[玄幻]
45,万道龙皇,836613,〔暴爽玄幻，最热爽文〕少年陆鸣，血脉被夺，沦为废人，受尽屈辱。幸得至尊神殿，重生无上血脉，从此脚踏天才，一路逆袭，踏上热血辉煌之路。噬无尽生灵，融诸天血脉，跨千山万水，闯九天十地，败尽天下英豪，修战龙真诀，成就万道龙皇。精品群号：570274770（需要验证粉丝值）  Vip群598630364（付费群）普通交流群：1039264198,暂无,[玄幻]
46,绝天武帝,824081,弹指天地覆，拔剑神魔伏！  绝代神王千年后醒来，发一言天下皆惊，镇服盖世天骄；行一步风云色变，踏灭举世恶敌！  以无敌之姿扫灭天下！  猛力更新中，求收藏和推荐票！,热血、重生、丹药,[玄幻]
47,魔天至尊,821764,【中国梦征文参赛作品】【新书上传：万域龙帝！敬请期待……】被一颗流星砸中，曾经的废物成为天才。命运从此改变……不服？哥让你跪下唱征服！能炼丹，会炼器。我乃魔天大帝转世，专治天才与不服！,热血、孤儿、无敌文,[玄幻]
48,九霄帝主,801739,【【2016星创奖之玄幻参赛作品】】本为天骄，却被蒙尘。一朝觉醒，龙腾九天。来自地球的灵魂穿越到天生双脉的家族少年身上，魂武双修洗刷废物之名，万古天脉之体重现于世，天外九霄谁敢称帝？,热血、宅男、学院流、龙,[玄幻]
49,龙傲战神,786215,少年龙傲，十年沉寂，从天才沦落为废物，受尽奚落和嘲讽。十年坚持，万次失败，终获神秘龙印。以混沌丹田，修炼无敌功法，炼化天地万物，吞噬无尽星辰，横扫荒宇，睥睨苍穹！问苍茫星宇，何人敢与我一战？,热血、龙、无敌文、扮猪吃虎、杀伐果断、脑洞大、轻松、争霸,[玄幻]
50,剑圣重生,780914,前世，与人为善却遭人欺，师姐为之惨死，挚爱为之饮恨，遗憾终身。重生，紧握手中之剑，守护曾经被夺走的一切，逆天改命！这一世，当持一剑，灭万界！一人一剑，绝世剑圣！,热血、重生,[玄幻]
51,剑之帝皇,777203,【中国梦征文参赛作品】柳枫，一个来自21世纪的大学生，一个纯正的宅男，在一次从网吧回来的路上被车撞死，本该就这么庸碌地死去，然而，他的灵魂，却来到了另外一个世界……    这是一个奇妙的世界，没有发达的科技，只有炫丽的武技、华丽的剑术，且看柳枫如何一步步踏上剑道的巅峰，成就剑之帝皇！新书《凌天剑神》已经发布!欢迎各位移步新书！,热血、穿越,[玄幻]
52,凌天神帝,772505,【热血玄幻爽文】      少年姜辰，携无上玄功横空出世，从此踏上一条逆天之路！      剑斩神王头，脚踏魔皇躯；笑饮神凰血，怒食真龙肉；天之骄子，盖代豪杰，无敌传说又如何？若敢逆我，只需一剑，便可荡平一切！      天若顺我，天可昌；天若逆我，我让它亡……           ,热血,[玄幻]
53,刀破苍穹,738437,【2014星创奖第一季参赛作品】【新书《剑破九天》已发布，求收藏！！】   诛邪魔，斗天神，挥刀破苍穹！  现代宅男穿越异界，成为玉京城头号大纨绔，一个废物大少爷。  幸好他拥有刀魂升级系统，杀妖兽、杀人都能升级变强，而且修炼没有瓶颈，更能获得神级功法，神通绝学。  昔日的废物大少爷终于逆袭，踩绝顶天才，灭至尊强者，铸就一段华丽的武神传说！  嚣张彪悍的人生，从此开始！,热血、特种兵、系统流、龙,[玄幻]
54,惊天剑帝,738270,【【2017玄幻征文】参赛作品】【火爆玄幻，热血爽文】一代少年英豪，逆天崛起，踩天骄，战群雄，诛群魔，灭众神，一路逆战，成就绝世剑帝！“这个世界，注定要在我的脚下瑟瑟发抖！”,无敌流、废柴流、天才流、草根崛起、扮猪吃虎、强者归来、冷静、成熟,[玄幻]
55,逆武丹尊,725593,【【2017玄幻征文】参赛作品】新书《逆武仙帝》已经发布。绝代丹王，重生一世，修别人没有的功法，炼别人不会炼的丹药。偶尔指点一下那些所谓的丹道大师，顺便，在收几个天才做弟子跟班。“想要功法？不是问题！”“想要丹药？不是问题！”“问题是，你跟我混了么？”这一世，莫忘尘注定要再踏巅峰，以丹凌云，以武逆天！,重生、丹药,[玄幻]
56,九域神皇,711796,【中国梦征文参赛作品】带着天地间最强体质重生在了一个小家族，拥有最强的浩然霸体，神秘强大的黄金神瞳，从此走上一条轰杀各种天才、妖孽之路，无论是天纵奇才，还是绝世妖孽，在秦川面前都是不堪一击，傲视天下，唯我独尊！,热血、明星、系统流、龙,[玄幻]
57,乾坤剑神,710484,【中国梦征文参赛作品】景言曾是景家最优秀的天才，十六岁突破武道九重天踏入先天之境，整个东临城无人能比，却莫名其妙在进入神风学院后境界跌落，成为笑柄。解开乾坤戒封印，重新崛起，最终制霸天元大陆，成为无数武者仰望的存在。,暂无,[玄幻]
58,炎玄九变,683758,【2014星创奖第五季参赛作品】少年沐凌，携冰而生，在这个修炼炎力的世界里，却因此而成为废物一般的存在，炎力觉醒六年时间，修为进境极为缓慢。    但是在突破第一个大阶的时候，他却发现这与大陆炎力格格不入的冰力，威力竟然出奇的强大，似乎正是一切炎力的克星。    饱受白眼与冷遇的他，终于是向世人展露出近妖的战斗能力，别人可以越级战斗，他却可以越阶战斗，踩天王，踏灵君，覆仙帝，灭神皇，成就无上巅峰！另：千万字玄幻《八荒斗神》和《九龙圣祖》已完结，新书《低调为王》正火热连载中，请继续支持，飞烟百拜谢！   `...,热血、废柴流、宠物、扮猪吃虎、杀伐果断、快节奏、升级流,[玄幻]
59,重生最强妖兽,670806,【精品完本】天穹大陆第一仙尊遭人暗算，重生为蛇，逆天化龙！生而为妖，当斩天下人！【书友群：565412325】,热血、系统流、变身,[玄幻]
60,尊上,670663,新书《我的师兄绝世无双》已发布上古终结之时，诸天浩劫降临，天道开始审判世间一切罪恶威震三千大世界的一代传奇霸主古清风，因其一身罪恶，遭天道审判当古清风在自己的陵园苏醒，他名字早已成为上古时代那些传奇故事中的传说。,淡定、强者回归,[玄幻]
61,万域灵神,666328,一代霸主，惨遭背叛，被四十九个强者围攻，惨死万劫山，重活一次，他要再登巅峰；强势崛起，杀入乱星域，斩尽十万强者，悟生死杀道，冲击至高神位！,热血、重生、丹药,[玄幻]
62,焚天大帝,664092,【百万追读，最爽玄幻】无敌帝尊鹿羽死后万年，附体重生在一个落魄的宗派少年的身上，凭着记忆中的万千绝世功法强势崛起。一万年后的今天，他发现对自己忠心耿耿的仆人已修炼成了天帝，给他侍寝的丫鬟已成为了神女，就连当年他天帝宫豢养的一条狗也修成了超级王兽……另外，大陆上那些顶尖仙门的老祖宗的秘密他全知道，他有空也得去敲诈一番！炼丹、炼器、布阵不过是兴趣，但这三道本是由他开创，且看鹿羽如何登顶至尊，横扫天地，霸绝万界！,热血、重生,[玄幻]
63,史上最牛帝皇系统,663449,"穿越过来成傀儡皇帝？没关系，我有帝皇召唤系统！你有权臣阴谋算计？我有毒士贾诩玩死你！你有王朝武将举世无双？我有杀神白起，兵仙韩信，智谋近妖诸葛亮，来，我让你三百回合再和你玩！你有绝世强者战天下？抱歉，这样的，我能打一百个！身具帝皇系统，那我就是这世界最强帝皇！我要让所有人知道，普天之下莫非王土,率土之滨莫非王臣！书友群：418488639  有兴趣的兄弟可以加下！",热血、豪门、系统流、位面,[玄幻]
64,混沌霸天决,656766,【【2016星创奖之玄幻参赛作品】】【玄幻火书，百万追读，爽燃到爆！】落魄少年沈浩轩觉醒传说中的混沌神体，修炼混沌霸天诀，掌握五行之灵，从此逆天改命，凝聚不死之身，横扫九天天骄，霸绝寰宇，唯我独尊！新书《史上最强宗门》！！！,热血、练功流、丹药,[玄幻]
65,大道朝天,654785,做了人类想成仙，生在地上要上天——鲁迅。（大道朝天官方一群，群号码：311875513，大道朝天官方二群，群号码：220593959，VIP读者全订阅群，群号码：670061923。欢迎加入）,暂无,[玄幻]
66,天帝传,647677,十方无影像，六道绝形踪。       跳出三界外，不在五行中。        红尘中，有美人如画，诗酒才俊，大江横流千帆过，而他只为武道，冷眼旁观。        无边黑夜，有邪魔嗜血，妖妃妩媚，万人尸坑千人冢，而他只做该做之事，坚守不变的本心。        待到那一天，来到天路最顶端的地方，他目望苍天，手指人间，喊出一句：“我是天帝君，众生来拜我。”,热血、杀手、强者回归,[玄幻]
67,赤龙武神,647182,〖订阅破两万，有声阅读播放超亿次作品〗赤龙，融合了混沌之中的第一滴精血，又称血龙，为神龙之祖。林晨，东阳郡林家一个少年，身怀赤龙血脉，却被人误以为是奎蛇血脉，因和家族天才弟子争斗，被扫地出门……且看林晨如何凭借赤龙血脉，于乱世之中杀出一条血路，成为古今万界最强武神！Q群：153442352（普通读者1群） 72375988（VIP读者群，需购买全部收费章节的读者才可进）,热血、杀手、练功流、龙,[玄幻]
68,最强战帝,646577,【2014星创奖第一季参赛作品】九星连珠之时，至阴之气涌现，大地被黑暗笼罩，万千魔神蠢蠢欲动， 乾坤倒转。    黑暗主宰魔神殿要掌控世界，邪神血祖想要横扫天下，封印数万载的魔族想要重临人间……    少年沈浪持“封天鼎”，修炼神魔功法，逆天改命，一步步解开天地迷局，吞噬无尽星辰，炼化天地万物……一个人，一把刀，手摘星辰，力破乾坤！     群 8749490,布局流、搞怪、热血、正能量、强者归来,[玄幻]
69,绝世皇帝,639894,林谦，地球的国战游戏达人，标准的人民币战士！发生意外后，重生到异界。然而，在这异界之中，除了修炼天赋好点，却没有特殊的一技之长。炼丹他炸炉，炼器成废铁，更别提阵法这些其他生活技能，一窍不通。不过林谦却偶然发现，他前世在游戏里称霸服务器的庞大帝国，不仅跟着穿越。原本只是一堆数据的无敌武将、军团长，以亿为单位的帝国大军，拥有了生命，活了过来，对他誓死效忠！新书：不死尊皇,热血,[玄幻]
70,超神妖孽,638679,这是一个被镇压万载的贱神。这是一个脸皮厚如城墙，谁惹谁倒霉的怪物。这是一个卷入世俗纷争，又担负起重塑神界使命的救世主。他叫云飞扬，一个无耻之徒，一个超神妖孽！“拜托，我只想和妹纸谈谈人生，能不能把拯救世界的重任交给别人啊……”,轻松、强者回归、位面,[玄幻]
71,纵天神帝,629583,【【2016星创奖之玄幻参赛作品】】【新书《都市之至尊帝主》，全力推荐，2019年必读火书！】苍生大义，执纵天之念，倾世一战！一片青叶逆乱岁月，揭开万古辛秘，少年从微末崛起，埋葬神魔。睡最美女人，杀最强敌人。融合九大真血，成就无上神帝，一人一剑，杀尽世间敌！QQ书友群：119546380,热血、无敌文、龙,[玄幻]
72,永恒之心,617881,外门弟子陈宇，体内融入了一颗神魔心脏。  心脏，乃生命中枢，人体致命的要害。而对陈宇来说，心脏却是防御最强的一点，并让他拥有赶超妖兽、神兽的无限潜力。  自此，他踏上一段波澜壮阔、荡气回肠的玄奇之旅。  天才如云之，天骄盖世。宗门林立之，我主沉浮。  万族辉煌之，跨界大战。太古悬谜之，神话争锋。  我心唯有，永恒！  ——  新书，迫切需要推荐、收藏。  已完本作品《主宰之王》、《仙河风暴》、《仙鸿路》等。  可以交流意见，获取更多独家资讯。,淡定、练功流,[玄幻]
73,开挂闯异界,615611,【完本力荐】异界无敌外挂1.0版：离线挂机修炼、完美战斗、探查、神器商店、隐身、倍击、加速、瞬移、能量护罩、分身、独立空间、无限分身、时间暂停、属性修改、强行奴役、无限复活、时光倒流、无敌、秒杀、复制、秒天秒地秒空气！夺舍宇宙！外挂【终极版】现已开启并横行无忌！！书友QQ群：252902859（一起开挂闯异界）,轻松、老师、系统流、赚钱,[玄幻]
74,超级传功,613440,苏应穿越了，得到了超级传功系统。什么叫超级传功？就是抽取到一个人物，你可以获得他毕生的功力绝学。比如，乔峰段誉虚竹，比如雄霸风云绝无神，再比如寇仲徐子陵邪王石之轩。当然，你要是想要神话人物，那也不是不可能的。,热血、系统流,[玄幻]
75,武御圣帝,606495,【【2016星创奖之玄幻参赛作品】】【精品玄幻 】天界六大天帝之一，因探寻天机在六道深渊陨落。机缘巧合下，在紫罗国人尽皆知的傻世子江枫身上重生，原本人人唾弃的傻世子，从此一飞冲天，开启一段崭新的武帝时代。  读者群：214168620 欢迎各位书友的加入。,轻松、强者回归、丹药,[玄幻]
76,绝鼎丹尊,605928,新书《圈养诸神》已经签约，各位老读者新朋友多多支持新书！   丹尊之路，崎岖坎坷，九鼎之上，是为绝鼎！   建了一个群：310159658，入群需要订阅截图,热血、强者回归、丹药,[玄幻]
77,太古龙帝诀,599041,待到乾坤逆乱时，以我龙血染青天！落魄支脉少年，融合了一团从天而降的金色神火，得盖世传承《太古龙帝诀》，从边缘之地，强势崛起，冲入茫茫武道大世，修炼奇功，掠夺传承，吞噬天下，踏累累尸骨，登临至尊神位！这里有风华绝代的帝王，与天搏命的巨兽，万载不死的强者，还有数之不尽的古老宗门、大教、圣地，神魔鬼妖，万千生灵……光怪陆离，激情无限，带你一步步踏入那恢弘的玄奇世界！,励志、医生、强者回归、龙,[玄幻]
78,九龙玄帝,598940,新书已发《我为一世魔主》，求诸位支持。“师父，长大了，我要娶你。”“嗯？”“我要每天陪师父说话，不让师父一个人。”“师徒，怎可相爱。”“我不管，我就要娶师父。”长大了，他似忘了对白洛水的誓言，为了‘姐姐’瑶止，踏宫抢亲，鏖战八方。可血战之中，救他的是师，害他的却是瑶止。十年后，铁血再归，凭谁问，卷土不能重来！？金戈铁马，踏九霄，万里江山，除瑶名！这一世称帝，我只为你这不该辜负之人！————通俗版：真圣强者重生归来，与一九首妖龙携手，碾压一切，再踏巅峰的故事。,热血、洪荒流、龙,[玄幻]
79,灭仙神尊,594614,天地本源之火有九种形态，赤，橙，黄，绿，青，蓝，紫，黑，白。紫焰成神，黑焰灭世，白焰创生。杨逍第一世，乃紫焰成神的天生火神，站在众神之巅，却因顽石所化的肉身，无法更进一步，成为主宰，无奈自斩，投身人族。第二世，人族至尊，天生道体，却为人所算计，最终，虽集天下灵药之大成，化为人族药祖，炼出绝世神丹，也逃不过，自爆神格的下场。如今，百万年之后，昔年好友，师尊，道侣，皆不知所踪，却在凡俗小地，强者归来！“这一世，我定要踏上那主宰之境，算计我的，背叛我的，玩弄我的，皆要死！”,热血、强者回归,[玄幻]
80,魂帝武神,592717,形意拳宗师萧逸魂穿异界。在这个武者横行的世界，萧逸得逆天武魂，开启了一段碾压当世无数天才，成就魂帝武神的强者之路。粉碎天地，打破苍穹，凌驾诸天万界。（书友群 379030553）,热血、杀手、无敌文,[玄幻]
81,万古最强宗,586992,【【网文之王玄幻“BOSS流”征文】参赛作品】这是一个宗门养成的故事，这是一个温馨欢乐的家。里面不仅有逗比的宗主，也有一群性格迥异的古怪弟子初成长。来吧，骚年。加入我的宗门，一起放飞梦想！咨询1裙：702705427咨询2裙：724749009,轻松、系统流、位面,[玄幻]
1,天下剑宗,620954,【【武侠•无双征文活动】参赛作品】剑宗少年李奇锋，在一次机缘之下，修为一飞冲天，震惊剑宗，修炼最强，最霸道的武决，手掌天下第一名剑，一剑在手，举世无双，杀该杀之人，做该做之事，纵横江湖，红颜相随，乐在逍遥，终成为剑道王者。主要的事情：新的小说【我于人间无敌】，欢迎各位移步，新的开始，新的精彩。,热血、杀手、无敌文、阵法,[武侠]
2,凌天剑神,472597,【“武侠·古武未来征文”参赛作品】（QQ阅读一组作品）武林第一天才凌尘，因宗门遭逢大变而修为尽废，武功全失。在命悬一线之际，凌尘偶得武林神功《凌天剑经》，废脉重修，从此通剑道，凝剑心，悟剑意，终成一代剑神！已有长篇完本作品《剑之帝皇》、《天界至尊》，人品有保证！本书书友群：368076179,热血、宗门、杀伐果断、天才流,[武侠]
3,武侠神功系统,261877,地球少年穿越而来，手握神功系统，纵横异世武侠，铸造不朽神话。当北神玄功和朱雀焚天功碰撞，当金刚不陨神功和不灭混元体对轰。当大龙象神功和神力显慧经相遇，当神脉剑决和大灭绝剑气抗衡。……如此种种，将会是一个怎样的结局？普通群:451354340  VIP群：324645240,热血、宅男、重生,[武侠]
4,无敌至尊太子爷,196376,【【阅文·中国武侠·侠之精神征文大赛】参赛作品】我为太子，镇压一切敌，横推人间八千里！我为帝王，有我无敌，三界称至尊！走过轮回，趟过时间长河，与神魔论道，与道祖争锋。天地有我，谁敢高高在上？我叫沈苍生，俯瞰苍生！        新书《我！运朝之主，创立万古仙国》已经发布！,热血、豪门、无敌文、玄学,[武侠]
5,我有一座山寨,156435,开局一座山寨，两个人口（军师，马夫），将要打造最强山寨。他穿越到乱世，拥有一座马上要散伙的山寨。面对这杀戮乱世，是打算抢钱抢粮抢婆娘做一个逍遥山大王，还是泼出这身男儿血，交锋世上英雄，搏一个名震古今，问一声：王侯将相，宁有种乎！,爆笑、学生、系统流、赚钱,[武侠]
6,江湖奇功录,153165,【【域外扬威】参赛作品】江湖奇功无数，历经时代变迁，如今中原武林存有九大奇功。隐秘势力蛰伏已久，蠢蠢欲动。曾经失传的奇功纷纷现世。主角林夕麒机缘巧合之下得到当今九大奇功之一《冥冰真经》残卷。,暂无,[武侠]
7,横扫万界之最强,152041,【【域外扬威】参赛作品】起初，这里是一个骑兵为王的世界，好在冷炎带了一个骑兵召唤系统，里面上有有陈庆之的白马骑、曹操的虎豹骑、李广的大汉铁骑，李世民的玄甲军，下有袁崇焕的关宁铁骑、戚家军、大明重师......他开疆扩土，自立为王，直到后来他才发现，骑兵只是实力的一部分，这里还有无上的绝世人物，然而最令他震惊的是，所有的一切竟是为了一场天地大祭......,铁血、豪门、争霸流、宠物,[武侠]
8,诸天武道从武当开始,107365,这是一个现代职业道士，穿越古代武当山下，一个农家小子，本来只是想，凭着肚子里对道经的熟悉，上山当个道士，好过地里刨食，谁知听到自己的道号是自己记忆中的那个名字后，他就知道他这一生，不能只读道经了。然后，他便开始了传奇的第二世，第三世，第四世……（本书无限流）书友群：551845914，可以来聊聊天,暂无,[武侠]
9,武侠之超级打脸系统,92703,【【武侠•无双征文活动】参赛作品】系统在手，天下我有，农民小子‘叶修文’穿越，竟然碰上了江湖吊炸天的超级装逼打脸系统。至此以后，老子是脚下迷踪，双拳如龙，我是左手‘形意拳’，右手‘屠龙剑’，身后背着‘八级贴身靠’，老子是靠墙墙倒，靠山山坍，一直靠！靠！靠！……十二岁的‘梦如’妹子，妖娆道：哥哥？你敢靠我吗？三年起步，最高可是死刑哟？……【2016超级火爆爽文】Q群：463386207,恶搞、学生、穿越、位面,[武侠]
10,我和圣女有个约定,63937,十二年前，一个小男孩救了一个小女孩，十二年后小女孩成了武林第一门派的圣女，名动江湖。  多少江湖青年俊才想要一睹圣女仙容，可都一一遭到拒绝，圣女只说了一句话，我哥哥不同意。  新书，请多多支持。（粉丝群：825503492）,勇猛、练功流,[武侠]
11,血蓑衣,54699,一纸招安令，神秘孤儿化身金牌卧底，人前是江湖浪子，人后是朝廷密探。庙堂重臣、武林豪杰、隐世高手、外族恶人、异教魔头、富贾巨商、绿林好汉……皆在名、利、权、欲中相爱相杀，纠缠不清。伪装、谎言、阴谋、野心……柳寻衣在生与死、黑与白之间临渊而行，上演江湖“无间道”。江湖风雨漫天下，天下风雨尽江湖。蓑衣掩掩避风雨，风雨潇潇血蓑衣！,热血、杀手、争霸流,[武侠]
12,重生之独步江湖,51692,这是一个武道至上的世界，有那么一群人，他们追逐长生久视。“我叫方休，至死方休！”“在这个世界里，我要活的比谁都长久！”【v群（全订群）：1105669567】 新书《人族镇守使》，求支持！,坚毅、杀手、系统流、位面,[武侠]
13,赘婿之无敌高手,48175,【【阅文·中国武侠·侠之精神征文大赛】参赛作品】一代剑道宗师，重生在赘婿身上。江南第一美的妻子，成亲一年不让碰。混吃等死一辈子，一不小心就出了名，总有强敌要杀我，也总有美人送上门。做人难，做名震天下的名人更难！既然实力不许我低调，那就称霸江湖当大侠,赘婿流、杀伐果断、群像,[武侠]
14,剑动江湖,47719,【【武侠百万大征文】参赛作品】一本武学秘籍残卷，导致隐秘山林的村庄，一夜之间被昆仑派屠戮一空。少年逃亡途中为杏林人士所救，学艺有成之后毅然下山，踏上寻亲之路，誓要报这血海深仇。      奈何昆仑势大唐门式微，外公不愿协助自己走上复仇之路。少年毅然投身官场，识岳飞，结世宗，共济抗金大业。      造化无常世事弄人，岳飞被害，少年因劫狱被诬谋反，丧失爱人。      从此之后，少年便孤身一人遁入江湖，踏上覆灭昆仑的道路。 ``...,淡定、医生、系统流,[武侠]
15,重生诸天的寻道者,46202,【【阅文·中国武侠·侠之精神征文大赛】参赛作品】曾于武当山十载，寻得道之根基也曾于汉水河畔，受周公托孤襄阳城外，明悟剑道五境，终究以内力为先然而武之达者，不过百载岁月。一人之下，初闻其道。三生三世，怒斩帝君。白蛇传说，分得善恶。洪荒封神一役，证道混元。寻道，寻那念头通达之道。群694708042,重生、穿越、侠客、冷静、快节奏、热血、练功,[武侠]
16,诸天位面逍遥录,42239,穿行诸天，无欲则刚。不拘束缚，任性而为。一切只随本心行事，大侠若是看不惯……你来打我呀～【笑傲、天龙、大唐、神雕、破碎、蜀山、诛仙……】,穿越、侠客、腹黑、轻松,[武侠]
17,都督,41233,一个习武天才，获毒王传承，修至高无上神功，一朝神功大乘，组建天龙卫。未央宫里，伊人美姬暗夜留香；玉女峰上，儿女情长英雄壮歌；九星殿前，一缕温柔盟海誓；天魔圣女，朝廷千金，爱恨情仇，江湖不平。三千年的恩怨，到底如何解决，这是天龙卫都督的传奇人生。,坚毅、孤儿、练功流、赚钱,[武侠]
18,最强穿梭万界系统,38097,一觉醒来，林凡穿越到了鹿鼎记世界，得万界穿梭系统，开始了他的成神之路.........,强者流、热血、智商在线、杀伐果断、重生、思想迪化、无限流,[武侠]
19,太清剑,33253,一代剑仙江湖行。一次盗墓奇遇，造就一代剑仙。从此上官惊鸿仗技走天下，江湖任我行……本书主角无敌，虽然采用宋代年号，以宋朝作为故事背景，但内容涉及诗词、语言与历史顺序全不相干。人物名字如有雷同，纯属巧合。小说交流群：234556212,坚毅、盗贼、无敌文、盗墓,[武侠]
20,这是江湖,32876,江湖百晓生荣国老批言：“秋水剑法无人敌，天下第一在江南！”批言尚未应验，荣国老已被人一剑封喉一句批言，两封牛皮信，秋水剑法悄然入世，江南刘家强势崛起！在这后头，到底是谁在操纵？一百八十年前，江湖中“一代天骄”莫名手中问天剑闻名天下，莫名剑法天下无双；一百八十年后，问天剑悄悄重现江湖。一个少年，一柄问天剑，把一堆隐退高手统统引了出来一个沉寂已久江湖，或许就这样热闹了起来故事是这样的，一个大山里的淳朴少年因为一柄家传的破剑走上了闯荡江湖的不归路。,热血,[武侠]
21,剑神重生带系统,32403,【【武侠•无双征文活动】参赛作品】剑神 + 系统 = ？剑神重生，竟然还附带一个系统，这还让其他人怎么活？天绝剑神李天叶千年后重生归来，成为天元王朝九皇子。重生之后，李天叶的脑海中多了一个英雄系统。 “顺我者生，逆我者死，想杀谁就杀谁，我的话就是真理，因为我是李天叶。”,暂无,[武侠]
22,武侠BOSS之路,24668,武侠的世界，没有纵意江湖，只有冰冷的算计和武力为尊的原则。清羽穿越到此世，步步为营，依托着过人的心计和武力，向着巅峰行进。【书友群：532851330 加群一起水】,腹黑、系统流,[武侠]
23,诸天反穿越聊天群,23726,偶然间进入一个反穿越聊天群。这里有诸天位面的本体。他们哭着喊着要我帮忙。听说你是穿越者？抱歉！我专门反穿越。听说你有系统？来来来，让我看看你的系统到底长什么样。“收到来自水浒传的红包。”“收到来自一人之下的红包。”“收到来自狐妖小红娘的红包。”,无限流、位面,[武侠]
24,武侠之这个男人有点坏,22142,【【阅文·中国武侠·侠之精神征文大赛】参赛作品】当一个叫不凡的男人可以随意穿梭各个武侠世界时，他只想说一句“走主角的路，带主角的光环，泡主角的...”,学生、无限流,[武侠]
25,剑神客栈,21750,王元穿越到了武侠世界。被剑神客栈绑架成了掌柜的。无边大漠，风沙漫天。据说风沙之下有无尽的财宝，寻宝而来的人，都会到剑神客栈来。因为只有在这里他们才能安心的睡觉。剑神客栈之内禁止动武，违反规定的人都会被剑神客栈惩罚乃至杀死。随着剑神客栈不断的升级，它又多了许多新的功能。渐渐的剑神客栈成了一个传奇，也成了新的武林圣地。新书《三国之小军师》已经上线，欢迎大家围观阅读！谢谢,勇猛、宅男、练功流、赚钱,[武侠]
26,我快要无敌了,20773,【【“侠之世界—朝堂与江湖”主题征文大赛】参赛作品】道门内力第一精纯的《纯阳童子功》，加上佛门第一炼体功法《龙象般若神功》……我说我快要无敌了，你有意见?（书友群：872368013）,机智、孤儿、无敌文、位面,[武侠]
27,夺命枪,19648,黑暗来袭，阴云渐起，一场波及了无数世界的动荡即将来临。背负着枷锁的少年在混乱间沉沦，自破碎中崛起，一路高歌猛进，直冲天际。,冷酷、孤儿、练功流,[武侠]
28,始于魔剑生死棋,18747,魔剑之中，与众强争锋，步履蹒跚之际，登顶至尊...秦时之中，融儒家之义、道家之要、法家之本，与百家诸子争鸣，铸天子之剑，立诸夏一亦之万世基也...风云之中，于岁月滔滔之际，单手败雄霸、技压武无敌、挥袖退徐福、刀斩笑三笑...神兵之中......踏着皑皑白骨，万玄亦背负双手而立，徐徐叹曰：“诸界寰宇之内，可有抗手？”————书友群：984191612,暂无,[武侠]
29,剑洗江湖,18725,【【武侠•无双征文活动】参赛作品】现代生物学博士于飞，无意中进入了武侠的世界，成为洗剑山庄的一名杂役，养花种树培植药草，提取各种营养液补充内力，一技在手，天下我有！,机智、练功流、丹药,[武侠]
30,重生之祸害江湖,18513,大兴皇朝，以武为尊。现代苦逼男杨林穿越到此方世界，附身在一个同名同姓的公子哥身上，而且还是个有权有势的武二代。穿越一回，苦逼的杨林原本以为自己能够过上梦寐以求的生活，可是事情却并非那么回事？父亲被杀，部下反叛，各路凶猛如狼的仇家不断的杀上门来，这都让杨林这个穿越新丁惊恐万分，为了保住自己的小命，于是杨林不得不奋起反抗，杀出一条生路来……恩！简单来说呢，这是一个卑鄙小人闯荡江湖的故事。,冷酷、杀手,[武侠]
31,证剑诸天,18099,武功如道法，练武就是修道，武学最后追求的就是求道。随着武功越高，陆寻发现“道”就在眼前。思过崖顶，他是林平之。襄阳城外，他是尹志平。我即是我，历万劫成剑仙。,淡定、孤儿、无限流、位面,[武侠]
32,诸天逍遥,17650,我本逍遥仙，何故恋凡间？       孤独的灵魂在三千世界游荡，只为那最后的超脱，找寻真的逍遥，倚天、天龙、风云、仙剑、蜀山、西游、封神……逍遥诸天任我游,诸天流、侠客、谋略、武道,[武侠]
33,武侠之绝世魔头,17294,【【武侠百万大征文】参赛作品】重生前世熟悉的游戏武侠世界，武道昌盛，江湖横行，强者决战紫荆之巅，无视皇家威严；豪强争抢底盘，肆意打斗，不顾人命；门派林立，敛财圈地，聚拢武者为己卖命。所谓江湖门派，实则不遵法纪，不敬朝廷，以武犯禁。主角重生普通武者，加入朝廷，带最强武道系统踏上武道巅峰。诸多武道，唯我无敌。剑神不敢在我面前拔剑，刀圣不敢在我面前出刀。以手中刀，杀遍武林，使江湖臣服，强者俯首。一刀出，天下禁武，无人敢言。一刀出，号令武者，莫敢不从。,热血、练功流,[武侠]
34,余楚,17157,【【武侠•无双征文活动】参赛作品】这个江湖，有白衣剑仙一剑断生死。有个老和尚低头是菩萨，抬头便成佛。更有白发男子沙场秋点兵，踏着尸山血海看白骨！关于叶如晦，世间所有史书所记载的开头都只有一句话:这个少年在某一天走出了洛城。世人说大楚将灭，叶如晦不同意！世间万物皆可亡，唯我大楚存世间！新书发布，起点中文网《人间最得意》,热血、感情,[武侠]
35,全职赘婿,16748,穿越异世，携婚书登门，惨被拒婚。陈朝感叹：真是拒婚年年有，今年特别多啊！新书《我家宗主是赘婿》已经上传，大家可以移步观看！,腹黑、无敌文、赚钱,[武侠]
36,满级大号闯江湖,15956,前一刻还在游戏中被全服追杀，后一刻就穿越了，难道是我在游戏中杀戮过重？老天爷惩罚我？不要啊！放我回家啊!系统：由于玩家杀戮过重现开启大侠系统。,阳光、系统流、赚钱,[武侠]
37,无限武道传,15067,江湖血、天下命、身中魂、肩上刀！    萧沙意外来到一个陌生而熟悉的世界，熟悉的武功、不同的人物，还有更加神秘莫测的武神空间，一切都超出意料之外。    未及准备，一切都已如历史巨轮滚滚前行，从此江湖、天下、无尽空间、传说四起！    北冥神功的极致、长生决的终点、霹雳金光武学乱入……    听过的、没听过的，纷纷化作切身体会的天下江湖！,热血、孤儿、无限流,[武侠]
38,我在武侠大陆捡属性,14256,酷爱武侠的杨浩明，穿越到了一片以武为尊的世界！绑定了一个莫名其妙的系统！   与人交手，百分百随机掉落一门武学残章！  “请跟我交手！”  “别走....再走，我就只能杀了你！”  【叮，与魔教教主交手，掉落‘葵花宝典’残章！是否修炼？要修炼，必先自宫......】  【叮，与扫地僧交手，掉落‘易筋经’残章！是否修炼？需要看破无我、无相..】,热血、杀手、穿越、位面,[武侠]
39,一剑苍穹,14138,【【武侠•无双征文活动】参赛作品】一剑纵横，九剑封仙。九剑重现江湖，引发各方争斗，普通少年横空出世，单人只剑，将江湖掀了个底朝天残阳照，百花凋，一剑西去，哪管东流水！,热血,[武侠]
40,无敌魔剑,12725,【【武侠•无双征文活动】参赛作品】江湖纷纷，强者争霸，正魔厮杀未休，一名少年从微弱崛起，以魔剑之名，为红颜，为知己，剑扫武林，激荡一个时代。,热血、孤儿、废柴流,[武侠]
41,赤火邪尊,12682,【【武侠百万大征文】参赛作品】意外穿越，凌易发现自己竟然来到以武为尊的异世大陆，在这里有江湖有武林，更有人人敬仰的武林至尊！重生异世，凌易面临被逐出门派之危，幸得神秘赤火，炼就一双赤火邪瞳，助他在这异世站稳武道之林。武林纷争江湖大乱，凌易单枪匹马行走正邪两道，快意江湖只问本心，一生行事只无悔二字足矣。世人却皆言他邪，邪又如何，世有武林至尊，凭这赤火邪瞳，他便要凌驾其上，成为——赤火邪尊！,铁血、孤儿、练功流、位面,[武侠]
42,武侠世界里的强盗,12643,重生到了一个神话般的三国时代，这里武力强盛至极，绝世武将一剑可断山河，顶级谋士挥手间就能改变气象，呼风唤雨……           萧云重生在这样一个高武世界中，面对着即将到来的诸侯争霸，即使熟悉历史走向，他依然感觉亚历山大呀！还好他有一个金手指可以带他穿越诸天万界，让他掠夺各种资源来提升实力。            书剑世界，他掠夺闯王宝藏，援助霍青铜抵御清朝入侵，阻止了香香公主的香消玉损；         神雕世界，他得到了龙象般若功和九阴九阳，阻挡了小龙女和杨过的种种悲剧，改变了南宋的灭亡；         ...,暂无,[武侠]
43,从一棵树开始的进化,11772,【【“脑洞大开”征文大奖赛】参赛作品】〔最大脑洞，暴热爽文〕穿越成了门前一棵桃树。高俊辰本以为就此完蛋，谁知地星坠入一方充满灵气的诸天世界，开始了灵气复苏。紧接着，无限进化系统激活。当天骄崛起，猛兽咆哮，各方大佬降临地星之时。一棵遮天神树却冲天而起，威压一切。树中有一方世界，其内生灵奉其为神明。花蜜能够使万物进化，滋养出诸多神兽。他是“永恒之树”，永恒存在，天地灭而树不灭，日月朽而树不朽。他是“世界之树”，一叶一世界，结果之时，天地为之变色，无数强者为之颤抖。,轻松、系统流、穿越,[武侠]
44,鬼神府,11362,【【武侠•无双征文活动】参赛作品】杀手，以杀人为业，以赚钱为目的。不以是非善恶，论江湖公道正邪，刀光血影，视众生为鱼肉。  天下最神秘的杀手组织——鬼神府，每年都会发出三道鬼神诏令，接到诏令的杀手，会奉命杀掉一位武林高手，以此来争夺杀手榜榜首。   然而，一场灭门惨案，将鬼神府引入复仇之路。杀手之王的首徒，桀骜不驯的花神，此时又重出江湖，是巧合，是陷阱，还是谣言？是福，是祸，还是一场阴谋？,铁血、杀手、强者回归、蜀山,[武侠]
45,鹧鸪饮琼录,10910,【【阅文·中国武侠·侠之精神征文大赛】参赛作品】月儿弯弯照九州，几家欢喜几家愁。光华掩映青玉案，鹧鸪饮琼在枝头。天山派镇山宝剑游龙断玉是否就是白云青冥？于承珠也爱着张丹枫，那么她可有希望？只是云蕾又是怎么死的？是不是跟她有关？难道说她是另一个邓文迪？,淡定、老师、无敌文、蜀山,[武侠]
46,我在武侠世界开餐馆,10414,【【武侠百万大征文】参赛作品】武功再高，也怕菜刀！鲜冬方厨师专业的优秀毕业生徐扬，想在刀光剑影的武侠世界里杀出一条血路，靠厨艺？还是靠菜刀？百花谷大师姐媚眼一抛：刀工不错，我喜欢！飞仙阁小师妹俏脸微红：人家的胃早已被他征服！各位客官，一道与众不同的麻辣江湖，已经新鲜出炉。,轻松、系统流、美食、穿越、成熟、热血,[武侠]
47,武林邪传,10204,试问，什么才是江湖，江湖你懂吗？    这里是武林的起点，这里也是武道的终点                  这里是一个真实的世界                武道是这里唯一追求的目标             想知道什么是真正的江湖吗？这个世界才是武林的真理,坚毅、争霸流,[武侠]
48,剑魔诛天,10124,魔剑初现，少年疯狂执剑问天，天地间的情，爱，恨，过错，冥冥之中是谁所控？,强者回归、玄学,[武侠]
49,剑诛江湖,9834,（新书狮行江湖已发表，还望多多捧场）江湖是什么？它是水，亦能载舟，也能覆舟。要么你就在水上飘飘荡荡，要么你就沉入水底不死不休，船虽然可以靠岸，但是绝不可能离开江湖。江湖就是如此，身在其中，由不得自已，下水容易，上岸难。手持三尺寒剑，诛尽天下群雄！（催更热群545295642）,热血、杀手、争霸流,[武侠]
50,武侠诸天行,9815,旧书摊上买来的一本武侠杂志带着李昂穿越啦！还好旧书能够穿越无数的世界！说好的快意恩仇纵马江湖呢？可是为什么我刚来就被一只狗捡走了，等等，这狗会说人话，还会医术和武功？灵鸽一出七剑待命，你就是雨花剑的传人神医逗逗！李昂“我觉得我走错片场了！这和说好的不一样啊！”“别人都是为了武林正道，凭什么我是为了森林的和谐而战啊！我不干！”蓝兔，“还请少侠相助！”“真香，单身久了连一只兔子都觉得眉清目秀！”从虹七开始的江湖之旅，《虹猫蓝兔七侠传》（未完待续）—《鹿鼎记》（星爷电影版）—《笑傲江湖》（完结）—《天下第一》（完...,轻松、穿越,[武侠]
51,孤星刀客,9476,一场车祸，温玉穿越了，看着自己的小身板，温玉潸然泪下，哀嚎道：“都说穿越的有金手指，我的金手指了，骗子啊，全都是骗人的。”更替兴衰王朝史，血雨腥风江湖路，三代人，恩怨情仇，敢问几时休？  新书《窃天之唯吾独尊》已经开始更新。天下风云出我辈，一入江湖岁月催，皇图霸业谈笑中，不胜人间一场醉。  这是一个魔君成长的故事！,机智、豪门、LOL,[武侠]
52,无恨刀,8888,【【武侠•无双征文活动】参赛作品】人无情，刀无恨；人不见血，刀不收锋！九万里，神州风云起。叹山河破碎，百姓流离。满眼是，烽火连天，虎狼遍地。云波谲，长歌入天阙。荡世间妖氛，心鉴日月。凭几何，三尺寒锋，一腔热血。***************************************书友群：无恨刀 515743429感谢阅文书评团提供书评支持。,铁血、杀手、感情、玄学,[武侠]
53,我在华山刷副本,8472,这是一个世界升级的时代，开挂的主角，还有一群成长中师弟师妹们的故事。    捕捉异常生物，炼化提取特性，旅行诸天万界，见识绝代宗师，横行异度宇宙，殴打正反角色，超越命运之河，把握自我意志。    作者也不知道简介怎么写才好，反正这是一本万界融合诸天旅行懒惰掌门和各种各样的人物的故事，文笔粗陋，作者努力改进中……就酱紫！！        QQ吹水群：797391817    欢迎读者老爷们来吹水！,暂无,[武侠]
54,九品天尊,8206,医药大学高材生穿越异界，本被认为是身患残脉，无法练武的废物，却因祸得福，习得只有残脉之人方可修炼的绝世武学……,励志、重生,[武侠]
55,神洲：鬼谷传人,7750,神龙一现惊天下，半世苦修成浮云。这说的是旷世无双的神器神龙令，非大圆满不可敌！鲲鹏展翅破云霄，无知燕雀妄称鹏！这话从一十岁的黄口小儿口中说出，羞煞天下男儿！雷霆击身亦等闲，单凭只手可遮天。十年后百晓楼称他为狂生、只能为友不能为敌，天下俊杰奉为金科玉律，此人该是何等风范？宁犯圆满，不惹狂生！机变如神，天下无不可坑之人，看他是如何在江湖中拨弄风云，成就千门第一名将！,侠客、智斗、轻松、正能量、谋略、布局流、三观正,[武侠]
1,我的绝美老婆,9899798,“我们结婚吧！”当这一句话从美女总裁口里说出，李尘只感觉头晕目眩！,淡定、杀手、强者回归,[都市]
2,我的绝色美女房客,6880928,这小小的四合院，住着一群租房客，而陈阳则是房东。,学生、强者回归,[都市]
3,校花的贴身高手,6393546,传奇杀手回归都市，奉旨保护校花！我是校花的贴身高手，你们最好离我远一点，不然大小姐又要吃醋了！【鱼宝宝书友1群 333702438（已满），鱼宝宝书友2群 417723151】,嚣张、老师、系统流、赚钱,[都市]
4,终极高手,6010655,【2014Next Idea原创文学大赏参赛作品】左手在世华佗，右手地狱阎罗！为了一个承诺，叶枫龙潜花都，嚣张无双！,铁血、明星、强者回归、赚钱,[都市]
5,都市极品村医,3863625,【热门火书、百万收藏！】李霄莫名沉睡三年未死，偶得透视神眼，从小村民，一路走上人生巅峰，美女、财富、手到擒来！,嚣张、医生、强者回归、玄学,[都市]
6,极品全能高手,3821087,【最火爆畅销书】一场车祸改变了我的平凡人生。各种奇遇接连而来。考试满分，刮刮乐必中，篮球天才，游泳健将选一个？不，老子就是全能。QQ群：203799451【花都出品，必定精品。】,铁血、学生、无敌文、赚钱,[都市]
7,我的极品美女老板娘,3401559,这是一个超级兵王的故事！这是一个超级兵王的故事！,轻松、特种兵、无敌文,[都市]
8,至尊兵王,2524636,新书《至尊特工》，和至尊兵王一脉相传，请支持！-------他是华夏隐龙的天之骄子、放荡不羁惜花护花的龙少，也是敌人心中的终极恶魔、辣手无情屠戮三千的“暴龙”，如今卸甲归来，潜隐花都。在战场他是无敌兵王，令敌人闻风丧胆，在都市，他同样是至尊,热血、特种兵、无敌文、轻松,[都市]
9,他身上有条龙,2418900,谁说纹身的都是流氓？且看因为爱人背叛而投身军旅，三年后从神秘部队退役，拥有真龙纹身的最强王牌回归都市，叱咤风云，无敌天下！,孤儿、阳光、变身,[都市]
10,最强特种保镖,2008414,【2014星创奖第二季参赛作品】他是兵王中的王者！    他是杀手界的死神！    他无限嚣张！    彪悍兵王叶龙，离开神秘部队，重归花都，奉神秘老头之命，保护美女老板娘。,嚣张、特种兵、强者回归、赚钱,[都市]
11,我的极品美女总裁,1998119,一觉醒来，竟然多了个女王范的美女总裁老婆。房子有了，车子有了，老婆也有了。什么，你打我老婆的主意？找死！先吃我一记仙人掌，再挨我一招掌心雷，送你见阎王。小样，看好了，敢动我的女人就是这个下场！（唯一正版QQ读者群：61484923）,爆笑、豪门、系统流、LOL,[都市]
12,都市超级医圣,1951923,财法侣地，修行其实是一项非常耗钱的奢侈运动。无意中得到传说中修道，炼丹，医药学家葛洪的传承，淳朴的山里人葛东旭开始努力赚钱。当大多数人还在读高中时，他为了炼丹修行已经开始一边读书一边赚钱。当大多数人读大学还在为交女朋友的开销发愁时，他已经是一名老板。当大多数人大学毕业在为找工作四处投简历，当富二代开着跑车，在美女面前炫耀时，他已经是一名超级富一代，当然还是一名大隐隐于市的至尊医圣。,铁血、医生、强者回归、鉴宝,[都市]
13,都市超级医仙,1726981,左手惊天医术、右手至强武功，携带百年记忆，重生回归都市，这一世，定要纵横无敌、执掌一切，登临苍穹之巅！,医生、赚钱、无敌流、重生、热血、杀伐果断、强者归来,[都市]
14,来自地狱的男人,1715555,星空魔帝，重生归来！我是魔，以神为奴，以仙为仆！！！,嚣张、杀手、强者回归、赚钱,[都市]
15,三界红包群,1631617,加入三界红包群，改变了我的人生！仙魅妖魔，红包不断！如意猴毛，天庭狗粮，神器仙丹，可爱仙女……都到碗里来！,热血、医生、系统流、西游,[都市]
16,重生之都市神帝,1501424,【2014星创奖第二季参赛作品】世界顶尖杀手叶错，因为被组织出卖而死，重生回学生时代。睁开眼，发现自己站在全校通报批评的讲台上。他当着全校人的面，向暗恋三年却从不敢说出口的校花当众表白！本书读者群：365888892,热血、杀手、无敌文,[都市]
17,都市极品医神,1385889,【火爆爽文】五年前，废物叶辰犹如地上蠕虫般被人耻笑！但是五年后，他带着一百位上古大能回来了！吊打一切，谁与争锋！,热血、医生、强者回归,[都市]
18,我的绝色总裁老婆,1385775,【本书又名《神起地球》】没有人知道他从哪里来，但是见过他真面目的对他只有一个评价，那就是和魔鬼签订过契约的人。外人都称呼他为魔王，可是他自己却知道，他内心多么渴望一份宁静。接受了契约婚礼，奈何老婆冷如冰山，看一个非洲战场上的王，如何在不和谐的家庭里面左右逢源……书友①群：6670230（接近满员）书友②群：4664808（大量空位）,特种兵、轻松、强者回归、职场,[都市]
19,都市修真医圣,1261817,道法通神、医法通鬼。一位本应为了生计而狼藉奔波的三流大学毕业生，却因为一次不经意间的出手救人，否极泰来、令他好人有好报的得到了传说中修真界高人的玄术与医道传承，开启了另一个崭新且光怪陆离的新世界！ps：本书书友qq群：144958878,热血、医生、练功流,[都市]
20,兵王传奇,1207520,【2014星创奖第二季参赛作品】为了青梅竹马曾经的一句话，兵王辰南隐居市井，以开洗车行为生，却没想到曾经的红颜已坠入红尘。辰南心灰意冷，却遇美女总裁逼婚。莽莽长白延万里，皑皑珠峰屹九天，其内隐藏着何种秘密？荒凉的沙漠真的荒凉吗？这一切等着你来揭晓！【作者老四，VIP书友群：68716575，欢迎加入】,热血、医生、强者回归、阵法,[都市]
21,天眼小神医,1183103,绝品小神医纵横都市，装逼打脸，治病救人赚钱无所不能，谱写一段霸气的人生。超级爽文，日更六章，从不断更。,狡猾、医生、强者回归、职场,[都市]
22,都市无敌邪医,1049460,【【上巳祭灵异百万大征文】参赛作品】千古难遇的修炼天才，自遇轩辕神龙诀以后，修为暴涨但也难以突破一层瓶颈。老头子掐指一算，你机缘在山下！林夕一怔，差点泪崩：这么多年了，你终于说出了这句话。,冷酷、学生、强者回归、玄学,[都市]
23,无敌神龙养成系统,1023842,变身神龙，统御四海！海洋中，他是唯一的神龙，建立海底龙宫。虾兵蟹将跟随左右，海底狂鲨、巨型章鱼是为小弟。都市中，他龙游都市....书友群：一群二群已满！加三群：956145614,学生、无敌文、变身,[都市]
24,都市绝品仙医,1022888,无敌仙帝转世重生，附身华夏医学院学生，身手不凡，医术惊天。前世的无敌战帝、医道至尊，身陷世俗红尘，面对无穷诱惑，是会迷失自我，还是会坚守道心？是会沮丧颓废，彻底沉沦，还是会强势崛起，逆转乾坤？待我重修为仙帝，敢叫万界鬼神泣！书友群：720727108,热血、医生、强者回归、丹药,[都市]
25,我的邻家空姐,1010770,【2014星创奖第五季参赛作品】【完本神书，不用追更，免费一口气看个痛快】获24颗定海神珠，每一颗都有一种能力……屌丝差生林烽逆袭超能力，过目不忘，学习成绩蹭蹭涨！力大无穷，混混黄毛一脚踹！让清纯校花另眼相看，把美女老师惊得目瞪口呆！学渣逆袭成为全校偶像，当众演讲畅谈梦想未来！这是属于我们的青春校园，这里有我们大家共同的青春和梦想……,护花高手、无敌流、废柴流、异能、洪荒、都市修仙、现代修真、学生,[都市]
26,最强小农民,1000749,小农民偶得修真功法，会医术，会炼丹，驰骋都市，踏上最强之路！,草根崛起、都市修仙、种田、轻松,[都市]
27,都市圣医,978548,【精品完结作品】八年前，他家破人亡，流离失所。八年后，他铁血回归，带来焚天之恨。我要让苍天对我敬畏，我要让大地为我颤抖，我要这世界因我而疯狂。郭义！一个冷血，傲慢，不屑漠视天下苍生的男人。一个霸气，威猛，敢于挑战九天众生的传奇。,热血、孤儿、无敌文、丹药,[都市]
28,高手无敌,927018,【2014星创奖第二季参赛作品】一个神秘古武门派的传人！一个佣兵国度里面的大帝！一个高手中的超级高手！在都市中叱咤风云，走向最强巅峰的传奇！,热血、特种兵、强者回归、玄学,[都市]
29,天庭小狱卒,916781,刘浪意外成为天庭仙狱的一个小狱卒！,热血、豪门、玄学,[都市]
30,最强医生,912318,新书【最强狼王战兵】女朋友劈腿后，偶得玄佛珠，他医术变得精妙绝伦，凭借通天医术，霸道手腕，登顶最强王座！,热血、励志、医生,[都市]
31,极品仙帝在花都,898358,九劫仙帝，都市重生！  一个地球，一个仙界，这可是天地之差啊！  聊天群291475352   210961293粉丝群需要验证粉丝值，欢迎来聊,无敌文,[都市]
32,隐身侍卫,891215,新书《首富小村医》，桃子卖没了精心研制二十年，火爆出炉了，QQ阅读首发，铁杆杆们，你们在哪里？,暂无,[都市]
33,美女总裁的超级兵王,858832,（新书《都市第一战王》）传说中的佣兵大帝“禁忌神王”叶尘枫回归都市，以无敌之姿，横扫一切。揭开千年之谜，亚特兰蒂斯，玛雅文明，以及喜马拉雅山脉下隐藏的惊天之谜……,热血、特种兵、强者回归、赚钱,[都市]
34,重生之我的神级抽奖系统,810850,叶枫被车撞死了，不过人品大爆发啊，送了个抽奖系统不说，一言不和就把叶枫踹去重生了。             叶枫：打不过别人怎么办？             光脑：没事，神秘古武，超级异能，未来武器，只有你想不到的，没有系统抽不到的。打架？小菜一碟啦。             光脑：有人在你面前装X怎么办？叶枫：那不废话吗，给我往冒烟里打。  `...,轻松、豪门、重生,[都市]
35,神界红包群,799188,【【2016星创奖之都市职场参赛作品】】【完本作品】新书《直播之从高考后成为人生赢家》已发布刚刚被女友甩掉的鹿一凡，被莫名其妙的拉入一个神仙的微信红包群，从此他的幸福生活来临了！“恭喜你，抢到玉帝的愿望符一张，使用后可实现一个愿望。”“恭喜你，抢到斗战胜佛的七十二变功法，使用后可变化世间万物。”总之，鹿哥吊炸天的幸福生活从此开始了。,嚣张、明星、无敌文、西游、无敌流、腹黑、脑洞大、搞怪,[都市]
36,女总裁的专职保镖,787962,一个强者重回都市的故事！欢迎加入vip群311749928。,热血、特种兵、无敌文、龙,[都市]
37,我家宝宝你惹不起,775380,老爸！一个很神秘的男人。大姐！国际巨星，天后级别。二姐！亚洲首富，千亿富豪。三姐！医学天才，妙手回春。四姐！绘画大师，一画千金。五姐！国术高手，拳打世界。六姐！厨艺高手，世界名厨。七姐！特种兵神，闻风丧胆。八姐！著名作家，上亿点击。九姐！探险主播，粉丝千万。,轻松、学生、无敌文,[都市]
38,妖孽仙皇在都市,768306,（无敌文）紫薇仙域唯一立于仙道之巅的仙皇萧尘，重回都市，发现了很多有趣的事。曾经他丢下的垃圾功法，被一堆人奉为武道圣典。曾经哭着求着喊他师父的人，成为了人人敬仰的神境强者。萧尘：有没有稍微强一点的对手？,淡定、学生、无敌文,[都市]
39,都市最强特种兵,765874,【2014星创奖第二季参赛作品】他在战场上被召唤回国，原因无他，秉承父亲遗命完婚。本意想退婚，继续逍遥自在，却被岳父以死相逼，跟身家百亿的美女总裁未婚妻朝夕相处，自然是火花四溅！,热血、特种兵、练功流,[都市]
40,我跟天庭抢红包,755391,天相奇观，五星连珠，意外的手机一响：七仙女邀请痞仙加入仙宫红包群。“咦，我捡了个七星葫芦丹。”“我靠，手气最佳，三十万功德币，赶紧闪。”“财神爷，跟我拜把子吧。”“七公主，你的七彩纱衣，我找到喽。”萧七人生得意，抢着天庭的红包，逍遥在繁华都市，一路逆袭，走上巅峰人生！,恶搞、学生、无敌文、赚钱,[都市]
41,绝色总裁的超级兵王,748453,【【2016星创奖之都市职场参赛作品】】我是总裁未婚妻的的超级兵王，你们最好离我远一点，不然我媳妇又要吃醋了！,轻松、特种兵、强者回归、职场,[都市]
42,极品无敌神医,746911,三年前，赵阳被人栽赃陷害，赶出家门，却偶得奇遇，归来时已精通绝世医术，更兼玄奇功法在身！疑难杂症手到病除，专治各种不服，这是一个小神医逆天崛起，纵横天下的故事！,机智、医生、强者回归、赚钱,[都市]
43,校花的透视狂兵,729322,【火爆爽文】他是拥有透视眼的圣手仙医、特种兵王，因一纸婚书，只身来到花都，成为一名普通的学生。推荐新书《我是女儿的黑粉头子》金鳞岂是池中物？他这一世，注定为王。,爆笑、特种兵、系统流、盗墓,[都市]
44,我的冰山总裁未婚妻,719558,在佣兵界，他是赫赫有名的佣兵大帝。在医界，他是生死人肉白骨的神医。因为一纸婚约，龙潜都市。会透视，通医术，阅尽天下绝色。在这繁华的大都市，铸造属于他的神话。醉卧美人膝，醒掌天下权。,热血、特种兵、强者回归,[都市]
45,我的冰山总裁老婆,718611,（无线爽文经典，万订作品）他是赫赫有名的战争机器，让地下世界闻风丧胆的“死神。”因一场事故回归都市，跟冰山女总裁订立有名无实的婚姻。这是一个龙游都市，逍遥人生的故事。      读者群：568992156,特工、感情、现代都市、轻松,[都市]
46,妖孽奶爸在都市,717991,五年前，叶辰被人当做死狗沉江。五年后，一代天帝强势归来，却意外的发现自己有了一个宝贝女儿。女儿对着夜空许愿：“爸爸，人家想要天上的星星。”叶辰满脸宠溺，屈指一弹，一颗星辰划过苍穹，轰然落入东瀛国！女儿望着天际发呆：“爸爸，人家想要飞高高。”叶辰微微一笑，隔空一抓，龙族老祖九爪金龙撅着屁股瑟瑟发抖！“爸爸，人家还想要一个弟弟。”叶辰：“……”,嚣张、医生、强者回归、丹药,[都市]
47,超级兵王混都市,716813,【都市江湖，热血不灭】他是华夏超级兵王，更是让所有势力恐惧的杀神猎鹰！一次任务，让他回归都市，保护绝美未婚妻。从此，都市风云，将因他而动！,特种兵、强者回归、赚钱、护花高手,[都市]
48,花都最强医神,702433,八年监狱归来，女友背叛。欢迎加入老月书友群：435751008（盗版自行绕开。）,热血、医生、练功流、丹药,[都市]
49,都市之杀神无双,686327,【新书《都市龙渊战神》】他是世界闻名的巅峰杀手，却被家族逼婚，与美女总裁住在了一起。彼此看不顺眼却又不得不同居，萧凡决定回学校散散心，可是……,励志、学生、学院流,[都市]
50,都市之无上医神,677777,一个有着逆天医术的小医神，行走世间！他悬壶济世，专治疑难杂症，吊打各种不服，天下为之倾倒。他，是一个传奇！他，是屹立在武林和杏林最巅峰的神话！,勇猛、医生、无限流、职场,[都市]
51,极品最强大少,675386,无敌大少回归都市，校长你好，我是你的未婚夫……,护花高手,[都市]
52,超级小村民,675284,大年初一，他给了父母一亿红包！家乡建设，他投资了一百亿！他养出了狗王、鹰王、熊猫王！他发明了治疗近视的药，培养了一批尖端科技人才，研发了六代神龙战机，被誉为国士！冷艳总裁、清纯影后、高贵公主，各路美女为了争夺他大打出手！他，是从农村走出来的超级男人！【超级火书，看到八百章以上的都说精彩】,轻松、医生、无敌文、赚钱,[都市]
53,最强无敌学生,674027,一场阴谋让林天获得了意外收获，女友的突然离去让他暗暗发誓。    今日你弃我而去，它日让你高攀不起。    （书友群：308299772，内有福利无数！）,热血、学生、无敌文、赚钱,[都市]
54,神藏,670422,一念之间，沧海桑田打眼带你进入古玩的世界！！！,暂无,[都市]
55,都市极品仙帝,661395,人族仙帝赵君宇，遭受背叛，百族之战中壮烈牺牲。魂魄来到地球，重生在一个天生不举，众人嘲笑的废材大少身上。身具神奇术法，惊天医术，赵君宇从此强势崛起，杀伐决断，纵横都市。PS：本书男主荷尔蒙爆棚，杀伐决断，欢迎追读。（新书《我体内有仙府洞天》已签约，请大家多多支持，谢谢了！）,热血、医生、强者回归、丹药,[都市]
56,绝品透视眼,650271,【最畅销都市爽文】一场意外，他开了天眼，拥有一双神奇的眼睛。自此以后……在古玩界，他是最火热的捡漏之王；在医道界，他是最逆天的贴身神医；在古武界，他是最天才的一代宗师；,热血,[都市]
57,都市少年医生,627945,医术精湛的年轻人第一次来到繁华都市。他的人生从此开始多姿多彩……（纯都市故事，无玄幻修真情节）,热血、医生、护花高手、热血、轻松、正能量、谋略,[都市]
58,美女总裁的超品高手,627495,他是豪门弃少， 他本欲回归都市平静生活，却不料风云再起！且看苏晨如何一步步解开身世之谜，纵横天地，执掌乾坤！,冷酷、特种兵、强者回归,[都市]
59,我和美女总裁老婆,621525,【都市武侠、热血武林。】他，是超级高手，因接受一场传承，导致体质异变，生命受到危机，为延续生命，王者归来……,杀手、争霸流、玄学,[都市]
60,重生之神帝归来,619177,【百万追读，火爆爽文】神帝归来，傲绝都市！那一年，陈潇高考失利，女友分手，父母更是遭遇车祸，双双身亡。绝望之中他跃下山崖，试图了结一生，不想却穿越到了一个神奇宏大的武道世界！三千年后，陈潇已是镇压当世、横扫无敌的绝世大帝，但他却舍毅然舍弃万劫不灭的元始之躯，带着三千年的记忆重回少年时代！这一世，他只求红尘佳人，无愧于心！,淡定、学生、重生,[都市]
61,无敌悍民,618985,【万人追更，火爆爽文】农村小子偶然获得神农传承，从此一飞冲天，成为人中龙。带领大家走上一条致富路。,热血、医生、无敌文、赚钱,[都市]
