top,bookname,click,info,label,type
1,灭世武修,87783685,"一条枷锁，链住万千星域。
一颗心脏，沉浮黎明破晓。
……
……
无数位面大陆，宗门林立，站在绝巅者，可笑苍天，瞰大地。本是一代神体，却得灭世传承，是沉沦杀戮，还是走上巅峰之道？
且看乌恒如何抉择……
……
灭世武修交流群1：272221989
灭世武修交流群2：221073363
微...
灭世武修是作者""天上无鱼""倾力创作的玄幻小说,在恒言中文网首发,提供最新章节无弹窗广告阅读,请支持原创正版。
粤ICP备20022615号-1
桂B2-20130025
提供都市小说、言情小说等好看的小说在线阅读，最新小说免费下载
Copyright©2014 www.hengyan.com All Rights Reserved
","奇遇,热血,帝王,炼丹",玄幻
2,大地兽皇,30001480,"一个被遗弃在森林中的孩子却遇到了一个刚刚失去孩子的大地之熊，由此，却诞生了一个蛮荒界有史以来最强的武者，大地兽皇！
“我没有沟通元素的天赋，不能修炼各种元素之力，可是，我知道，我并不孤单！因为，脚下的这片广阔的大地才是我最大的依靠！”叶天荒说道。
大地兽皇是作者""小怪""倾力创作的玄幻小说,在恒言中文网首发,提供最新章节无弹窗广告阅读,请支持原创正版。
粤ICP备20022615号-1
桂B2-20130025
提供都市小说、言情小说等好看的小说在线阅读，最新小说免费下载
Copyright©2014 www.hengyan.com All Rights Reserved
","热血,奇遇,扮猪吃老虎,神兽,爽文",玄幻
3,万古魔尊,6572039,"少女淡淡的却带着刺的话使少年走上了一条王者之路。
一颗魔心能包容万物，亦能笑傲天地，主宰万物。
一双手化为枷锁，困住万个世界。
一双腿，脚踏大地，令之颤抖。
一双眼，射出万丈冰冷光芒。
何其最强者，我便是最强者！

万古魔尊是作者""天狼""倾力创作的玄幻小说,在恒言中文网首发,提供最新章节无弹窗广告阅读,请支持原创正版。
粤ICP备20022615号-1
桂B2-20130025
提供都市小说、言情小说等好看的小说在线阅读，最新小说免费下载
Copyright©2014 www.hengyan.com All Rights Reserved
","斗智,热血,爽文",玄幻
4,百炼神体,3999094,"从一个平凡的吃货，无意间发现了自己特殊的能力，从此走上了一条不归的吃货之路……
一息若存，希望不灭。
身怀饕餮体的吴天，开始了他的征程，开始了迎接一个又一个的挑战。
问鼎之路，何其困难，无边杀戮，蔓延而来。
且看，他如何克服重重困难，《吞天噬地决》，君临天下！金刚之身，问鼎苍穹！
百炼神体是作者""血雾遮天""倾力创作的玄幻小说,在恒言中文网首发,提供最新章节无弹窗广告阅读,请支持原创正版。
粤ICP备20022615号-1
桂B2-20130025
提供都市小说、言情小说等好看的小说在线阅读，最新小说免费下载
Copyright©2014 www.hengyan.com All Rights Reserved
",暂无,玄幻
5,上古神王,3787718,"异域世界，上古巨魔横行，神界为此而破碎，仙界变得混乱不堪。武道强者称霸天下，为帝，为尊，一念万骨枯，一剑沧海平，左右亿万生灵命运！
废柴少年无意中打开家传信物雷神戒，从此走向了修真之路，随着他的一步步强大，弄清自己的身世之谜。却发现了一个惊世之密！
当传承无上太古之秘的九幽龙印觉醒，昔日废物变身天才，战八荒，御苍穹，一步一步踏上武道巅峰！成就上古神王。

上古神王是作者""木杉树""倾力创作的玄幻小说,在恒言中文网首发,提供最新章节无弹窗广告阅读,请支持原创正版。
粤ICP备20022615号-1
桂B2-20130025
提供都市小说、言情小说等好看的小说在线阅读，最新小说免费下载
Copyright©2014 www.hengyan.com All Rights Reserved
","争霸,热血,暧昧,奇遇,炼丹",玄幻
6,七界仙尊,11490632,"破碎苍穹，凌渡虚空，九天七界，任我逍遥；以血之途，杀出一条仙道之路，无尽的神通，无穷的责任，三千仙道，谁主浮沉？且看斗战圣族的传承者如何依靠至尊瞳术，超越无数至强血脉，蕴生至尊神体，超脱轮回，永生不死，成就大道，统御七界……

七界仙尊是作者""无良书生""倾力创作的玄幻小说,在恒言中文网首发,提供最新章节无弹窗广告阅读,请支持原创正版。
粤ICP备20022615号-1
桂B2-20130025
提供都市小说、言情小说等好看的小说在线阅读，最新小说免费下载
Copyright©2014 www.hengyan.com All Rights Reserved
","废材,扮猪吃老虎,热血,奇遇",玄幻
7,纵横天下,9204553,"十五年前，一只万里磅礴的吞天兽，降临肆虐纵横大陆中州，被绝世强者封印到一个婴儿的丹田里；十五年后，一次亡命追杀被迫跳崖的叶天，吞天兽轰然出现，并最终脱险修成上古第一圣法吞天圣诀，从此一步步走向强大，逐渐揭穿身世之谜，搅动惊天秘密，力挽狂澜，拯救天下苍生。
纵横天下是作者""雕虫""倾力创作的玄幻小说,在恒言中文网首发,提供最新章节无弹窗广告阅读,请支持原创正版。
粤ICP备20022615号-1
桂B2-20130025
提供都市小说、言情小说等好看的小说在线阅读，最新小说免费下载
Copyright©2014 www.hengyan.com All Rights Reserved
","奇遇,废材,扮猪吃老虎",玄幻
8,天武星辰,2720895,"这是一个强者为尊的世界！这是一个武力至上的世界！这是一个脉术称雄的世界！
华夏帝国猎鹰特别突击队！为运送一批国宝，赶往境外！但是一在回来途中！被敌人的导弹袭击，队长为了掩其余队员撤退而牺牲。但是却被国宝中一枚奇异的戒指带到了一个名为天元大陆的地方！
因为他的到来！平静万年的大陆再次风起云涌！高手层出不穷！
且看他如何凭借自己的一腔热血站立在大陆的巅峰！
天武星辰是作者""梦入李唐""倾力创作的玄幻小说,在恒言中文网首发,提供最新章节无弹窗广告阅读,请支持原创正版。
粤ICP备20022615号-1
桂B2-20130025
提供都市小说、言情小说等好看的小说在线阅读，最新小说免费下载
Copyright©2014 www.hengyan.com All Rights Reserved
","重生,争霸,热血,奇遇",玄幻
9,龙游苍穹,2239519,"少年游龙，身世隐秘；十年隐忍，从未放弃！
战雷家，解镇危，出蟠龙，创龙盟，坚毅少年闯天下！
探黑石，进圣光，怀苍生，建帝国，痴情少年有傲魂！
脚踏九州，声振寰宇；九鼎齐聚，龙游苍穹。
邪魔来袭生灵毁，守护之战惊天地！
经此一役，幸存万民皆呼己为：龙的传人！

龙游苍穹是作者""流风回雪""倾力创作的玄幻小说,在恒言中文网首发,提供最新章节无弹窗广告阅读,请支持原创正版。
粤ICP备20022615号-1
桂B2-20130025
提供都市小说、言情小说等好看的小说在线阅读，最新小说免费下载
Copyright©2014 www.hengyan.com All Rights Reserved
","热血,搞笑,浪漫",玄幻
10,龙魂战神,1699569,"一个从埋龙之地爬出来的少年，意外获得绝世龙魂之体。
至此，横行无忌；雄霸天下；败尽英雄；翻掌之间，天地色变。
他是一个传说，一个永恒不朽的传说。

龙魂战神是作者""龙青玄""倾力创作的玄幻小说,在恒言中文网首发,提供最新章节无弹窗广告阅读,请支持原创正版。
粤ICP备20022615号-1
桂B2-20130025
提供都市小说、言情小说等好看的小说在线阅读，最新小说免费下载
Copyright©2014 www.hengyan.com All Rights Reserved
","热血,扮猪吃老虎",玄幻
11,异界之丹武邪尊,1329981,"【总编林冷力荐】【4月18日正式连载，请大家多多支持。】
天穹大陆，弱者卑微，受尽欺辱；强者威武，凌驾众生。
这里的超级强者，能翻江倒海，怒则天地震颤，动则尸横遍野。
秦洛穿越而来，偶获绝世神功，修武道，踏九霄，立天地，破苍穹！
喝最贵的酒，睡最美的女人，拔最快的剑，杀最强的敌手。
边炼丹，边修武，丹武合一张狂笑，邪气凛然我独尊！
异界之丹武邪尊是作者""红双喜本尊""倾力创作的玄幻小说,在恒言中文网首发,提供最新章节无弹窗广告阅读,请支持原创正版。
粤ICP备20022615号-1
桂B2-20130025
提供都市小说、言情小说等好看的小说在线阅读，最新小说免费下载
Copyright©2014 www.hengyan.com All Rights Reserved
",暂无,玄幻
12,绝世霸主,1322485,"无所不能的霸主，拥有看穿一切的神眼，淡定的碾压着一切，走上只能站一个人的至尊巅峰。
何谓霸道，不服？何须跟他讲道理浪费唾沫，碾压过去就是了。
何谓霸主？王上加一点，凌驾在诸王之上的，只有这一点！主，在王上！
本书是一本少有的玄幻穿越，而且是强者穿越，并非扮猪吃虎，一开始就无限碾压。
绝世霸主是作者""神霸天""倾力创作的玄幻小说,在恒言中文网首发,提供最新章节无弹窗广告阅读,请支持原创正版。
粤ICP备20022615号-1
桂B2-20130025
提供都市小说、言情小说等好看的小说在线阅读，最新小说免费下载
Copyright©2014 www.hengyan.com All Rights Reserved
","争霸,战争,铁血,权谋",玄幻
13,魔焚乾坤,1261329,"他是一个拥有变异属性万中无一的奇特体制，可造化偏偏弄人，他也是一个先天四肢不全无法修炼的倒霉蛋，在这个只有魔法元素的世界里，弱肉强食的法则笼罩了整个魔法世界。
是沉沦，还是崛起，只在一念之间！！！
魔武师等级：魔者·魔师·魔战·魔灵，魔宗·魔尊，魔圣·魔祖·魔王·魔皇·魔帝·魔...
魔焚乾坤是作者""嘹亮的响指""倾力创作的玄幻小说,在恒言中文网首发,提供最新章节无弹窗广告阅读,请支持原创正版。
粤ICP备20022615号-1
桂B2-20130025
提供都市小说、言情小说等好看的小说在线阅读，最新小说免费下载
Copyright©2014 www.hengyan.com All Rights Reserved
","热血,奇遇,魔法,废材,复仇,爽文",玄幻
14,九脉至尊,780769,"羸弱少年，携带着九脉天地决，张扬开始了强者之旅！
修炼九脉天地决，挣脱枷锁，主宰万物！
龙脉，虎脉，狮脉，豹脉，狼脉…万兽之脉集于一身！
且看张扬如何在众天才中一飞冲天，傲视群雄，成就万古至尊！

九脉至尊是作者""盛宴""倾力创作的玄幻小说,在恒言中文网首发,提供最新章节无弹窗广告阅读,请支持原创正版。
粤ICP备20022615号-1
桂B2-20130025
提供都市小说、言情小说等好看的小说在线阅读，最新小说免费下载
Copyright©2014 www.hengyan.com All Rights Reserved
","奇遇,扮猪吃老虎,热血",玄幻
15,圣斗炼神,633342,"什么，这是圣斗士的世界?
雅典娜是我妹妹?我去，那我岂不是成神了?
浑浑噩噩过了八年却发现自己竟然重生在圣斗士的世界！
漫画中的世界热血激情令人向往，真正的世界却是如此残酷！
为了寻找不知所踪的妹妹，雷蒙毅然踏上了圣斗士之路！
且看雷蒙如何在神奇的正义指环帮助下，成为最强神者！
圣斗炼神是作者""血火""倾力创作的玄幻小说,在恒言中文网首发,提供最新章节无弹窗广告阅读,请支持原创正版。
粤ICP备20022615号-1
桂B2-20130025
提供都市小说、言情小说等好看的小说在线阅读，最新小说免费下载
Copyright©2014 www.hengyan.com All Rights Reserved
","重生,召唤,穿越,爽文",玄幻
16,傲天神皇,609009,"涅槃重生，神皇再世！
特种兵杨武魂穿异世，摇身成为仙宗唯一真传弟子。
修灵决，炼武道，灵武双修，君临天下！
踩天才，灭魔宗，收小弟，成就最强神皇之路！
魔修女，灵公主，小师姐，异界美妞一网打尽！
傲天神皇是作者""败墨""倾力创作的玄幻小说,在恒言中文网首发,提供最新章节无弹窗广告阅读,请支持原创正版。
粤ICP备20022615号-1
桂B2-20130025
提供都市小说、言情小说等好看的小说在线阅读，最新小说免费下载
Copyright©2014 www.hengyan.com All Rights Reserved
","斗气,争霸,热血",玄幻
17,守护真神,554485,"以守护为使命！
犯我亲友者，无论妖、魔、人、神，皆当诛！
犯我人族者，虽远必诛！诸天万界亦难挡！
浩渺宇宙，一人一剑，夺阴阳，立造化，我为唯一真神！
守护真神是作者""赖小生""倾力创作的玄幻小说,在恒言中文网首发,提供最新章节无弹窗广告阅读,请支持原创正版。
粤ICP备20022615号-1
桂B2-20130025
提供都市小说、言情小说等好看的小说在线阅读，最新小说免费下载
Copyright©2014 www.hengyan.com All Rights Reserved
","重生,励志,激情,爽文",玄幻
18,异世之全能风流逍遥,316106,"潜心修炼的叶泽，只要度过百年大劫便可功德圆满，却意外被带入异世，异世大陆光怪陆离、美女如云，叶泽在沉溺温柔乡，但终究面临选择，他是否要放弃美人重返故园？
异世之全能风流逍遥是作者""风流双少""倾力创作的玄幻小说,在恒言中文网首发,提供最新章节无弹窗广告阅读,请支持原创正版。
粤ICP备20022615号-1
桂B2-20130025
提供都市小说、言情小说等好看的小说在线阅读，最新小说免费下载
Copyright©2014 www.hengyan.com All Rights Reserved
","重生,后宫,扮猪吃老虎,神兽,穿越,奇异",玄幻
19,重生之霸者无双,290583,"车祸后他居然逆天重生，那么他又会走出一条什么样的霸者之路呢？万千世界，由我主宰！若天阻我，我便破天！我要让天知道，我命由我不由天！ 且看在这片大陆下，他如何称霸天下，万世景仰！
重生之霸者无双是作者""鸿卢""倾力创作的玄幻小说,在恒言中文网首发,提供最新章节无弹窗广告阅读,请支持原创正版。
粤ICP备20022615号-1
桂B2-20130025
提供都市小说、言情小说等好看的小说在线阅读，最新小说免费下载
Copyright©2014 www.hengyan.com All Rights Reserved
","重生,争霸,热血,世家",玄幻
20,寻龙之坠,289820,"等待了近十万年的诸神之墓将要开启，十万年前的尘封，到底又隐藏了些什么？一朝揭示，只因为一个人，一个谜一般的孩子，一个拥有龙族血脉，何以引起天机絮乱，斗转星移。盘膝对弈，黑白纵横，以人为棋，揭示命运，究竟将何去何从？诸神之墓中向你开启！
新书去点击，求收藏，推荐。注明：本书起点首发
寻龙之坠是作者""背囊旅行""倾力创作的玄幻小说,在恒言中文网首发,提供最新章节无弹窗广告阅读,请支持原创正版。
粤ICP备20022615号-1
桂B2-20130025
提供都市小说、言情小说等好看的小说在线阅读，最新小说免费下载
Copyright©2014 www.hengyan.com All Rights Reserved
",暂无,玄幻
21,魂战天下,262349,"（骨士、骨师、骨灵、骨王）本文不是俗套的废材流，而是天才流！虽然天才无人赏识，甚至就连林毅自己都不知道自己是天才，但金子总有发光的时候！现在主角还很天真，前十万字，一直都会比较天真…… 后期，林毅会慢慢成长，也会越来越有味道。他会成为杀伐决断的大魔头？还是会成为只手遮天的传奇英雄？请大家拭目以待。
魂战天下是作者""百鬼夜行""倾力创作的玄幻小说,在恒言中文网首发,提供最新章节无弹窗广告阅读,请支持原创正版。
粤ICP备20022615号-1
桂B2-20130025
提供都市小说、言情小说等好看的小说在线阅读，最新小说免费下载
Copyright©2014 www.hengyan.com All Rights Reserved
","热血,奇遇,励志,激情,爽文",玄幻
22,灵界神座,259772,"一代酒樽，死而复生，穿越到灵界大陆，附生在一个小孩子身上，普普通通的小孩杨晓三带着前世记忆，绝门秘法，开启新纪元。
灵界神座是作者""别吃我的胡萝卜""倾力创作的玄幻小说,在恒言中文网首发,提供最新章节无弹窗广告阅读,请支持原创正版。
粤ICP备20022615号-1
桂B2-20130025
提供都市小说、言情小说等好看的小说在线阅读，最新小说免费下载
Copyright©2014 www.hengyan.com All Rights Reserved
","重生,炼丹,奇遇,废材,穿越",玄幻
23,箭霸乾坤,249853,"村庄剧变 ，父母失踪，亲人离散，无助少年卷入异世大陆，是巧合还是阴谋，重重谜团，层层陷阱。懵懂少年自强不息、愤然崛起。看他如何催元神，学箭术，揭谜团，寻至亲，一人一箭舞乾坤！
箭霸乾坤是作者""冷月残月""倾力创作的玄幻小说,在恒言中文网首发,提供最新章节无弹窗广告阅读,请支持原创正版。
粤ICP备20022615号-1
桂B2-20130025
提供都市小说、言情小说等好看的小说在线阅读，最新小说免费下载
Copyright©2014 www.hengyan.com All Rights Reserved
",暂无,玄幻
24,不灭天骄,244931,"武者以肉身入道。
脉士以武脉入道。
问苍天谁主沉浮？
且看骆凡如何实现完美的逆袭！
“既然我无法开启武脉，那么我便以肉身为道！将这茫茫大地踩于脚下！”

不灭天骄是作者""天狼""倾力创作的玄幻小说,在恒言中文网首发,提供最新章节无弹窗广告阅读,请支持原创正版。
粤ICP备20022615号-1
桂B2-20130025
提供都市小说、言情小说等好看的小说在线阅读，最新小说免费下载
Copyright©2014 www.hengyan.com All Rights Reserved
",暂无,玄幻
25,穿越之异界逍遥,240791,"我本温和，却君临天下；我本善良，却屠戮苍生，我本痴情，却钓美无数！且看异界贵公子如何带领自己的家族走向世界的最巅峰，且看逆境丛丛中，他如何反败为胜！我是小科！欢迎大家走进穿越之异界逍遥！

穿越之异界逍遥是作者""小科""倾力创作的玄幻小说,在恒言中文网首发,提供最新章节无弹窗广告阅读,请支持原创正版。
粤ICP备20022615号-1
桂B2-20130025
提供都市小说、言情小说等好看的小说在线阅读，最新小说免费下载
Copyright©2014 www.hengyan.com All Rights Reserved
","重生,争霸,YY,激情,魔幻",玄幻
26,九天龙魂,234810,"神器，灵兽，逆天魂决，咱有！
兄弟，师傅，爱人，咱也有！
掌轮回，破苍穹，咱只看心情！
我不是凡间之龙，我将成为比神魔更强大的存在！我的名字叫--龙彦！
希望各位书友踊跃加入交流群，一起来写九天龙魂！QQ号：328550715
九天龙魂是作者""我的青我的春""倾力创作的玄幻小说,在恒言中文网首发,提供最新章节无弹窗广告阅读,请支持原创正版。
粤ICP备20022615号-1
桂B2-20130025
提供都市小说、言情小说等好看的小说在线阅读，最新小说免费下载
Copyright©2014 www.hengyan.com All Rights Reserved
","召唤,热血,张扬,废材,复仇,阵法",玄幻
27,武魂至尊,232973,"在妖兽横行的异界，孱弱的人类如何生存，并且打通三魂七魄，成就无上大能。
奇异的武魂，不能修行，时常晕倒，如何崛起……
莫欺少年穷，打脸要用力！
人有三魂七魄。
一魂为元魂，两魂七魄为辅。
元魂又分兽魂、武魂。
武魂至尊是作者""苏德""倾力创作的玄幻小说,在恒言中文网首发,提供最新章节无弹窗广告阅读,请支持原创正版。
粤ICP备20022615号-1
桂B2-20130025
提供都市小说、言情小说等好看的小说在线阅读，最新小说免费下载
Copyright©2014 www.hengyan.com All Rights Reserved
","奇遇,张扬,废材,激情",玄幻
28,傲世苍穹,222258,"悠悠岁月，圣魔大陆流传着这样一句亘古传说……
九转归一生死灭，圣魔重生天地开！
凡圣魔者，骨聚意，脉凝气，以意运气，以气御武……
500年前，他天资平平，那用生命爱着他的女人，最后竟是亲手要了他的命。
500年后，他再世为人，天资惊天，遭逢突变，受尽冷眼与不公，十岁的他挥起长剑，毅然斩下圣殿二殿下的人头。
他怒吼：“全天下的人都能骂我...
傲世苍穹是作者""修少爷""倾力创作的玄幻小说,在恒言中文网首发,提供最新章节无弹窗广告阅读,请支持原创正版。
粤ICP备20022615号-1
桂B2-20130025
提供都市小说、言情小说等好看的小说在线阅读，最新小说免费下载
Copyright©2014 www.hengyan.com All Rights Reserved
","重生,穿越,魔幻,神兽,爽文",玄幻
29,洪荒邪尊,203317,"天地初开，鸿蒙初现！
无尽洪荒，万族林立。
不知何时，在洪荒大陆上出现了一种弱小的种族，称之为人族。
人族为女娲所创，乃是后天生灵，肉身羸弱，在满是先天生灵的大陆上备受欺凌。
无奈，只得远离故土，来到了一处贫瘠之地。
历经数万年，只为能重回故土，这一日，不远了！
洪荒邪尊是作者""御风""倾力创作的玄幻小说,在恒言中文网首发,提供最新章节无弹窗广告阅读,请支持原创正版。
粤ICP备20022615号-1
桂B2-20130025
提供都市小说、言情小说等好看的小说在线阅读，最新小说免费下载
Copyright©2014 www.hengyan.com All Rights Reserved
","重生,争霸,奇遇,复仇,洪荒,巫妖,鸿钧",玄幻
30,异世之问鼎天下,195840,"九鼎神州，万族林立，群雄并起，谁与争锋！
少年自东荒大草原，踏鲲鹏而出，闯向了那精彩绝伦的大世界。
既然这规则要束缚于我，我就要将它狠狠踩在脚下！
闯江湖，荡武林，踏歌而行。
吾将问鼎天下！
异世之问鼎天下是作者""棋盘天下""倾力创作的玄幻小说,在恒言中文网首发,提供最新章节无弹窗广告阅读,请支持原创正版。
粤ICP备20022615号-1
桂B2-20130025
提供都市小说、言情小说等好看的小说在线阅读，最新小说免费下载
Copyright©2014 www.hengyan.com All Rights Reserved
","热血,奇遇,扮猪吃老虎,爽文",玄幻
31,雷武同修,176508,"强者苏醒，乱世来临，此乃大世界也，若不想亡，需与天地斗。
苍天茫然，大道无情，生死轮回，看破世间沉浮。
少年乃英灵转世，享受富贵荣华，天资异禀，实为一代天骄！
且看他争天下，夺造化，破开前世之谜，重铸盖世白君！

雷武同修是作者""佛门十九""倾力创作的玄幻小说,在恒言中文网首发,提供最新章节无弹窗广告阅读,请支持原创正版。
粤ICP备20022615号-1
桂B2-20130025
提供都市小说、言情小说等好看的小说在线阅读，最新小说免费下载
Copyright©2014 www.hengyan.com All Rights Reserved
","热血,扮猪吃老虎",玄幻
32,不灭星神,172298,"世界的毁灭，主角重生在了另一个世界，或者说是一个监狱，堪比世界的监狱，历经艰难险阻，主角究竟能否摆脱束缚呢？让《不灭星神》来告诉大家吧！！！
不灭星神是作者""三斤""倾力创作的玄幻小说,在恒言中文网首发,提供最新章节无弹窗广告阅读,请支持原创正版。
粤ICP备20022615号-1
桂B2-20130025
提供都市小说、言情小说等好看的小说在线阅读，最新小说免费下载
Copyright©2014 www.hengyan.com All Rights Reserved
","重生,暧昧,争霸,热血,奇遇,YY",玄幻
33,穿越之绝世妖仙,169155,"光洁如玉的的脸上，以肉眼可见的速度长出了白毛。一个毛茸茸的狐狸头赫然的出现在易折的面前。
“啊！妖……妖怪！”易折大叫一声，也顾不得身上的疼痛，连滚带爬的跳下床，跑到门口刚拉开门正准备往出跑，却呆呆的站在原地，不知是该出还是该进…

穿越之绝世妖仙是作者""雪翼""倾力创作的玄幻小说,在恒言中文网首发,提供最新章节无弹窗广告阅读,请支持原创正版。
粤ICP备20022615号-1
桂B2-20130025
提供都市小说、言情小说等好看的小说在线阅读，最新小说免费下载
Copyright©2014 www.hengyan.com All Rights Reserved
","奇遇,热血,励志,狐狸精,穿越",玄幻
34,幻魔创世,161032,"神又如何？神若阻我，我必弑神。诛神之后，世界混沌，那又如何？我可杀神，必可创神，问宇宙谁主？唯我幻魔

幻魔创世是作者""尘落""倾力创作的玄幻小说,在恒言中文网首发,提供最新章节无弹窗广告阅读,请支持原创正版。
粤ICP备20022615号-1
桂B2-20130025
提供都市小说、言情小说等好看的小说在线阅读，最新小说免费下载
Copyright©2014 www.hengyan.com All Rights Reserved
","暧昧,热血,扮猪吃老虎,斗智,爽文",玄幻
35,灭世神祖,158489,"远古初期，黄帝斩灭十大魔尊，仙界一统大陆，数万年后，仙界离奇消失，华夏王朝支离破碎，上古神宗惊世，
在这拥有传说中的炎黄神话，仙术神通，魔尊后裔，蛮荒妖兽的神奇世界中，韩逸怀着追梦之心，踏上远古征程。
古怪刁难的系统任务，新怡独特修神之路，九死一生的血腥征战，扑朔迷离的仙界之谜。
一剑在手，舍我其谁，天若逆我，我便弑天。
灭世神祖是作者""苦瓜脸""倾力创作的玄幻小说,在恒言中文网首发,提供最新章节无弹窗广告阅读,请支持原创正版。
粤ICP备20022615号-1
桂B2-20130025
提供都市小说、言情小说等好看的小说在线阅读，最新小说免费下载
Copyright©2014 www.hengyan.com All Rights Reserved
",暂无,玄幻
36,极道禁书,158322,"神炼大陆，一个修炼神力的世界，在这个世界里面弱者永远只能上演他们的悲剧，唯一只有真正的王者才能够改变定局征服世界。
炎辰，他不与地争，不与天斗，只凭一份信念，在这纷纷大陆走出一片属于自己的天空，走出他的王者征途之路……
极道禁书是作者""巅峰荣耀""倾力创作的玄幻小说,在恒言中文网首发,提供最新章节无弹窗广告阅读,请支持原创正版。
粤ICP备20022615号-1
桂B2-20130025
提供都市小说、言情小说等好看的小说在线阅读，最新小说免费下载
Copyright©2014 www.hengyan.com All Rights Reserved
","热血,奇遇,升级练功,位面",玄幻
37,八部传奇,155239,"落魄少年阳义、宇文修，无意卷入江湖是非，结识了惨遭灭门的罗修绝，从此三兄弟开始了逃亡之路······不想此时天下大乱，群魔并起，天帝闭关，神帝重伤不醒，鬼部分裂；四海龙族虎势眈眈。一时间风起云涌····
八部传奇是作者""小虫世界""倾力创作的玄幻小说,在恒言中文网首发,提供最新章节无弹窗广告阅读,请支持原创正版。
粤ICP备20022615号-1
桂B2-20130025
提供都市小说、言情小说等好看的小说在线阅读，最新小说免费下载
Copyright©2014 www.hengyan.com All Rights Reserved
",暂无,玄幻
38,逆世无名,152212,"情定几生缘，缠 绵亘古年。血影出，血杀现。血泪飞于面，血战非我愿。梦中泪，随我醉，兄弟来世再相会。埋骨他乡谁与度，异首何方尘归处！待到心感彷徨时，逆世不过一念间！！
逆世无名是作者""无世尘名""倾力创作的玄幻小说,在恒言中文网首发,提供最新章节无弹窗广告阅读,请支持原创正版。
粤ICP备20022615号-1
桂B2-20130025
提供都市小说、言情小说等好看的小说在线阅读，最新小说免费下载
Copyright©2014 www.hengyan.com All Rights Reserved
","重生,热血,逆世     杀神",玄幻
39,弑神,146526,"许你前世今生，静待弑神闻世！
寻觅踏破星辰，仇恨怒焚神界！
灾星宇宙大战，无敌掌控世界！
前世你开我心门，今生我入你世界。如今弑神门已立，只待惊天闻世界。神已堕落摄灵魂，为爱踏破全宇宙。神魔之战弑神入，怒火冲天焚神界。灾星灾将灾兵现，宇宙重燃战火时。弑神之威镇天下，灭天征战控世界！
弑神是作者""弑神""倾力创作的玄幻小说,在恒言中文网首发,提供最新章节无弹窗广告阅读,请支持原创正版。
粤ICP备20022615号-1
桂B2-20130025
提供都市小说、言情小说等好看的小说在线阅读，最新小说免费下载
Copyright©2014 www.hengyan.com All Rights Reserved
","重生,争霸,奇遇,战争,神兽,爱情",玄幻
40,剑破苍穹,123707,"一剑在手，天下任走！剑在心间，笑傲苍穹……剑之极，逆天杀神！
剑破苍穹是作者""风锋哥""倾力创作的玄幻小说,在恒言中文网首发,提供最新章节无弹窗广告阅读,请支持原创正版。
粤ICP备20022615号-1
桂B2-20130025
提供都市小说、言情小说等好看的小说在线阅读，最新小说免费下载
Copyright©2014 www.hengyan.com All Rights Reserved
","争霸,张扬,铁血,热血",玄幻
41,傲世缥缈,120141,"血雨腥风，扬眉淡笑，指问苍穹，谁尚敢与我一战否？
雄鹰下山，猛虎冲天，看我傲世缥缈？

傲世缥缈是作者""潇潇林瑄""倾力创作的玄幻小说,在恒言中文网首发,提供最新章节无弹窗广告阅读,请支持原创正版。
粤ICP备20022615号-1
桂B2-20130025
提供都市小说、言情小说等好看的小说在线阅读，最新小说免费下载
Copyright©2014 www.hengyan.com All Rights Reserved
","重生,暧昧,扮猪吃老虎,废材,穿越",玄幻
42,万界魔神,116495,"论潜力，不算天才，可玄功魔技，皆可无师自通。
论实力，任凭你有万千至宝，但定不敌我魔灵大军。
我是谁？天下众生视我为魔神，却不知，我已成万界魔神。

万界魔神是作者""楚轩翼""倾力创作的玄幻小说,在恒言中文网首发,提供最新章节无弹窗广告阅读,请支持原创正版。
粤ICP备20022615号-1
桂B2-20130025
提供都市小说、言情小说等好看的小说在线阅读，最新小说免费下载
Copyright©2014 www.hengyan.com All Rights Reserved
","热血,奇遇,血族,青春,争霸",玄幻
43,异界尸皇,114540,"他本是茅山道士，却一不小心被厕所冲走，
莫名奇妙地被卷入了黑暗与光明的斗争中，
一位来自茅山的菜鸟术士，携着《茅山道术》来到一个陌生的大陆，
到底他会在这片不怎么安宁的大陆掀起一阵多大的浪潮？
到底他应该如何在这片毫不熟悉的大陆里争霸，登顶？
一切请期待，全新打造的《异界尸皇》！
异界尸皇是作者""众生无为""倾力创作的玄幻小说,在恒言中文网首发,提供最新章节无弹窗广告阅读,请支持原创正版。
粤ICP备20022615号-1
桂B2-20130025
提供都市小说、言情小说等好看的小说在线阅读，最新小说免费下载
Copyright©2014 www.hengyan.com All Rights Reserved
","热血,奇遇,张扬,阵法,激情,爽文",玄幻
44,无上剑道,109248,"真元大陆，宗门林立，强者无数。前世是武道宗师的莫凡穿越到真元大陆，附身在一名落魄氏族少年身上。
修剑道，炼符阵，震苍穹，踏九霄；披荆斩棘，狂风当歌，从此开始一段逆天的修炼狂途。
无上剑道是作者""汉默""倾力创作的玄幻小说,在恒言中文网首发,提供最新章节无弹窗广告阅读,请支持原创正版。
粤ICP备20022615号-1
桂B2-20130025
提供都市小说、言情小说等好看的小说在线阅读，最新小说免费下载
Copyright©2014 www.hengyan.com All Rights Reserved
","爽文,传统,废材",玄幻
45,劲爆雷神,108214,"一把长戟创造一个绝世神话。
他本身一个懵懂的少年，本应该走生老病死的老路，可是不曾想，因为一个人，将他带离了原来的道路……
绝代战神，一手握戟，一手揽美人，美人如玉，柔情绵绵，而杀机依然隐藏在其中，最可怕的对手永远是身边的人，最可靠朋友，往往是你最熟悉的敌人。

劲爆雷神是作者""龙不相""倾力创作的玄幻小说,在恒言中文网首发,提供最新章节无弹窗广告阅读,请支持原创正版。
粤ICP备20022615号-1
桂B2-20130025
提供都市小说、言情小说等好看的小说在线阅读，最新小说免费下载
Copyright©2014 www.hengyan.com All Rights Reserved
",暂无,玄幻
46,五界至尊,100635,"一个牛腩村的小牛娃儿于小鱼，因捡来一条粉红色的肚兜惹来一身麻烦，却也艳福不断。
修炼之途百般聊奈，怎能没有马女作伴？
看乡间小子勇闯修炼世界，势要尝遍世间美人，小牛娃儿于小鱼能否如愿以偿？
五界至尊是作者""翔子OL""倾力创作的玄幻小说,在恒言中文网首发,提供最新章节无弹窗广告阅读,请支持原创正版。
粤ICP备20022615号-1
桂B2-20130025
提供都市小说、言情小说等好看的小说在线阅读，最新小说免费下载
Copyright©2014 www.hengyan.com All Rights Reserved
",暂无,玄幻
47,狂道仙尊,96643,"一个从十万大山出来的少年无意得到上古遗留的悲禅舍利子，从此被卷进一段上古恩怨， 本文乃一部霸气的爽文。修行等级：练气期、引气期、聚气期、丹元期、元婴期、大成期，每个等级又分为前、中、后。
法宝等级：灵器、法器、道器和神器，每个等级中又分为下、中、上、三个级别，
元脉等级：低等元脉、中等元脉、上等元脉、精品元脉、极品元脉和神品元脉
狂道仙尊是作者""易水""倾力创作的玄幻小说,在恒言中文网首发,提供最新章节无弹窗广告阅读,请支持原创正版。
粤ICP备20022615号-1
桂B2-20130025
提供都市小说、言情小说等好看的小说在线阅读，最新小说免费下载
Copyright©2014 www.hengyan.com All Rights Reserved
",暂无,玄幻
48,万兽独尊,92241,"少年梦回穿越，降临异世，附身在一个偏远部落兽人身上，身具兽皇血脉，掌控万古时空，踏上大陆争锋，与诸天骄子争锋，与神话时代碰撞，在光怪陆离的大千世界中，逆流而上。
万兽独尊是作者""金鱼城""倾力创作的玄幻小说,在恒言中文网首发,提供最新章节无弹窗广告阅读,请支持原创正版。
粤ICP备20022615号-1
桂B2-20130025
提供都市小说、言情小说等好看的小说在线阅读，最新小说免费下载
Copyright©2014 www.hengyan.com All Rights Reserved
","扮猪吃老虎,复仇,YY,重生",玄幻
49,九妖,87090,"九妖攒翅，积风至上，扶风万里，荒觉天宇！
莫名其妙的穿越，来到一个神奇的世界，本以为仅仅只是能像游侠儿一般肆意逍遥，却不想这个世界却能纵横天宇，修那长生之道，作为一个穿越者，自己不说站在这个世界巅峰，但也丢不起那做拖穿越者后腿的事不是？
新书需要大家的支持，鲜花，收藏，以及各种票票   栏六在此拜谢了！
书已上架，求订阅！
工程终于完工，明天回复...
九妖是作者""栏六""倾力创作的玄幻小说,在恒言中文网首发,提供最新章节无弹窗广告阅读,请支持原创正版。
粤ICP备20022615号-1
桂B2-20130025
提供都市小说、言情小说等好看的小说在线阅读，最新小说免费下载
Copyright©2014 www.hengyan.com All Rights Reserved
","重生,争霸,张扬,护短",玄幻
50,最强武神,86894,"神武大陆，浩瀚无边；武道九重天，横挂天地间。
曾经的废柴少年坚信，只要他狠命努力，他就是最强的！奇遇绝世武帝古飞扬，获得惊世传承，从此踏上一条逆天之路，凌天下，战苍穹，杀上九重万界，成就最强武神！

最强武神是作者""蚕茧里的蜗牛""倾力创作的玄幻小说,在恒言中文网首发,提供最新章节无弹窗广告阅读,请支持原创正版。
粤ICP备20022615号-1
桂B2-20130025
提供都市小说、言情小说等好看的小说在线阅读，最新小说免费下载
Copyright©2014 www.hengyan.com All Rights Reserved
",热血,玄幻
51,戴着异戒混异界,84648,"别人练气，我练肉。
别人练毒，我练骨。
别人练魔，我练血。
别人修炼靠奋斗，我来修炼靠挨揍。
且看浑浑噩噩的主角偶获异戒奇葩修炼逆袭异界大陆！
戴着异戒混异界是作者""墨蛟化龙""倾力创作的玄幻小说,在恒言中文网首发,提供最新章节无弹窗广告阅读,请支持原创正版。
粤ICP备20022615号-1
桂B2-20130025
提供都市小说、言情小说等好看的小说在线阅读，最新小说免费下载
Copyright©2014 www.hengyan.com All Rights Reserved
",暂无,玄幻
52,武斗乾坤,83126,"他曾是众星捧月的修炼天才，成人之际，遭人暗算，修为尽失，沦为废物。
从一颗闪耀的明星，坠为平凡的顽石，他该何去何从……
玄气大陆，宗门林立，世家遍地，一个小镇的普通公子哥，该怎样冲出重围，打出一片属于自己的天地。
（陈枫：“既然天赋平平，那就用生命为自己铺路！”）
武斗乾坤是作者""炫殇""倾力创作的玄幻小说,在恒言中文网首发,提供最新章节无弹窗广告阅读,请支持原创正版。
粤ICP备20022615号-1
桂B2-20130025
提供都市小说、言情小说等好看的小说在线阅读，最新小说免费下载
Copyright©2014 www.hengyan.com All Rights Reserved
","扮猪吃老虎,世家,奇遇",玄幻
53,僵尸魔帝,75773,"全身由僵硬到异化，最后变成了僵尸。掌控至尊法则，逐步的堪破宇宙的奥密，同时也揽收各色美女……
僵尸魔帝是作者""了尘道人""倾力创作的玄幻小说,在恒言中文网首发,提供最新章节无弹窗广告阅读,请支持原创正版。
粤ICP备20022615号-1
桂B2-20130025
提供都市小说、言情小说等好看的小说在线阅读，最新小说免费下载
Copyright©2014 www.hengyan.com All Rights Reserved
",暂无,玄幻
54,最强符皇,67538,"本以为这辈子就要卖符为生、低调结束，偏偏遇到两个强大的符师对战；本以为符师只是传说中的存在，偏偏此刻一次性两个出现在自己面前；本以为符师大战只能敬而远之，偏偏其中一个要对自己委以重任。
卧金龙消失数百载，而今重现人间，是否表示命运的转折点已到，此生注定不平凡？
最强符皇是作者""大脚丫""倾力创作的玄幻小说,在恒言中文网首发,提供最新章节无弹窗广告阅读,请支持原创正版。
粤ICP备20022615号-1
桂B2-20130025
提供都市小说、言情小说等好看的小说在线阅读，最新小说免费下载
Copyright©2014 www.hengyan.com All Rights Reserved
",暂无,玄幻
55,最强战神,65962,"一拳轰，天地崩。
我有双臂可只手擎天；我有双腿可瞬息万里；我有双眼可上视天地，下透黄泉。
我有神鼻可吐呐天地之气；我有双耳可聆听三界之音。
我有神语可破除一切虚妄；我有神躯可破三灾五难。
世间最强，便是我的身体，要做便做那最强战神！
最强战神是作者""潮流冬瓜""倾力创作的玄幻小说,在恒言中文网首发,提供最新章节无弹窗广告阅读,请支持原创正版。
粤ICP备20022615号-1
桂B2-20130025
提供都市小说、言情小说等好看的小说在线阅读，最新小说免费下载
Copyright©2014 www.hengyan.com All Rights Reserved
","重生,世家,纨绔,争霸,穿越",玄幻
56,武逆天尊,64555,"少年欧阳云饱受种种磨难，开启了神兽之体，为兄弟逆天反神，以一己之力打破天道，创建信的世界，以武弑神，以战成尊。.
武逆天尊是作者""神风小少爷""倾力创作的玄幻小说,在恒言中文网首发,提供最新章节无弹窗广告阅读,请支持原创正版。
粤ICP备20022615号-1
桂B2-20130025
提供都市小说、言情小说等好看的小说在线阅读，最新小说免费下载
Copyright©2014 www.hengyan.com All Rights Reserved
","热血,奇遇,扮猪吃老虎,神兽,爽文",玄幻
57,九阳真君,62779,"轩辕家捡来的一个孩子，因偷学轩辕家无上秘籍《五绝天心录》，被长老阁追杀，跳海明志，灵魂穿越，双生玄魂，其一玄魂有双重性格，还可以自生合适的玄骨，带着记忆来到这里，会怎么样？
九阳真君是作者""邪""倾力创作的玄幻小说,在恒言中文网首发,提供最新章节无弹窗广告阅读,请支持原创正版。
粤ICP备20022615号-1
桂B2-20130025
提供都市小说、言情小说等好看的小说在线阅读，最新小说免费下载
Copyright©2014 www.hengyan.com All Rights Reserved
","重生,热血",玄幻
58,射破苍穹,62706,"蛮荒世界古往今来的第一个圣域弓箭手云星河，来到了四千年后的世界……
这是一个武者横行，群魔并立的大争之世。
一个人，一张弓，杀出一片天。
拜兄弟，抱美人，满腔霸王血。
最终神功，乃万物为弓，天地做箭，射破那阻挡我脚步的万千苍穹！
射破苍穹是作者""神秘人""倾力创作的玄幻小说,在恒言中文网首发,提供最新章节无弹窗广告阅读,请支持原创正版。
粤ICP备20022615号-1
桂B2-20130025
提供都市小说、言情小说等好看的小说在线阅读，最新小说免费下载
Copyright©2014 www.hengyan.com All Rights Reserved
",暂无,玄幻
59,至高神座,55888,"这是一个位面无数神灵众多的世界，这是一个充满着剑与魔法的世界，这也是一个充满着无数神奇的世界，在这里没有做不到只有想不到。
14岁的雷蒙无意间捡到了一枚神奇的戒指从此他的命运发生了翻天覆地的变化，他是否能够登上那至高神座。
惊险的魔兽森林之旅，圣神学院的故事，恶魔入侵，发展信仰强力成神，精彩的故事尽在至高神座。
书友群236128269有兴趣的可以加一...
至高神座是作者""大神就是我""倾力创作的玄幻小说,在恒言中文网首发,提供最新章节无弹窗广告阅读,请支持原创正版。
粤ICP备20022615号-1
桂B2-20130025
提供都市小说、言情小说等好看的小说在线阅读，最新小说免费下载
Copyright©2014 www.hengyan.com All Rights Reserved
","热血,奇遇,斗气,魔法,亡灵骷髅,神格,斗气,魔法,修炼,美女",玄幻
60,龙脉武神,51285,"荒域平凡少年，得天地血晶洗伐，用秘术融合龙血炼体，以符文术镇龙脉为己用，开启一段不平凡的血色杀戮之道。
（林冷老大力荐，大家都懂的。）
龙脉武神是作者""那边般若""倾力创作的玄幻小说,在恒言中文网首发,提供最新章节无弹窗广告阅读,请支持原创正版。
粤ICP备20022615号-1
桂B2-20130025
提供都市小说、言情小说等好看的小说在线阅读，最新小说免费下载
Copyright©2014 www.hengyan.com All Rights Reserved
",暂无,玄幻
61,凌武九重天,50045,"亲人之仇岂能不报？心爱之人为何不得？被迫走上修炼道路，少年凌峰努力去寻找那强者之途。冷言冷语全部蔑视，挑衅挑战皆都不惧。看天才少年如何登上灵力巅峰，凌武于九重天阁之上？
灵力等级分为：天尊、神尊、圣尊、人尊、灵尊、皇尊、帝尊、王爵、公爵、侯爵、伯爵、勋爵、次爵、微爵
五大陆分别为：月灵大陆、飓风大陆、星辰大陆、云朦大陆、泰炎大陆
九重天阁分别为：及天阁、中天...
凌武九重天是作者""公子若鸿""倾力创作的玄幻小说,在恒言中文网首发,提供最新章节无弹窗广告阅读,请支持原创正版。
粤ICP备20022615号-1
桂B2-20130025
提供都市小说、言情小说等好看的小说在线阅读，最新小说免费下载
Copyright©2014 www.hengyan.com All Rights Reserved
","暧昧,争霸,热血,奇遇,斗气,魔法",玄幻
62,神级武修,49301,"天道不尽，我欲成仙。
一念成仙，一念求魔。
斗众族，战神魔，与天平，与地齐，这是一个风云汹涌的大争之世！
大道命盘，翻转乾坤，陈扬若一条过江之鲫，在汹涌的浪潮中逆行！
任你是如星辰般耀眼的天才，还是万道为首的枭雄霸主；任你是绝代丰姿的圣女，还是风华妖娆的魔女；都将臣服在我的脚下！
在这万里苍茫、无穷无尽的大世界之中，将是热血澎湃高昂的...
神级武修是作者""孙小笔""倾力创作的玄幻小说,在恒言中文网首发,提供最新章节无弹窗广告阅读,请支持原创正版。
粤ICP备20022615号-1
桂B2-20130025
提供都市小说、言情小说等好看的小说在线阅读，最新小说免费下载
Copyright©2014 www.hengyan.com All Rights Reserved
","重生,废材,扮猪吃老虎,爽文",玄幻
63,混沌修罗传说,43385,"奥西大陆，全民修武
强即尊，生存法则恒古不变
天意作弄，天生万年极品废材
巧遇，修罗传承，惊喜?混沌之体
拿起手中的剑，守护心中的人
崛起吧!!!  陆尘!
混沌修罗传说是作者""花花兔子""倾力创作的玄幻小说,在恒言中文网首发,提供最新章节无弹窗广告阅读,请支持原创正版。
粤ICP备20022615号-1
桂B2-20130025
提供都市小说、言情小说等好看的小说在线阅读，最新小说免费下载
Copyright©2014 www.hengyan.com All Rights Reserved
","奇遇,YY,扮猪吃老虎,神兽,穿越",玄幻
64,卧绝巅峰,40140,"一世轮回，三生醉死，扭转乾坤，踏破天下，此来卧绝之魂也。
修炼一途，唯一上心，悟化生死，看破红尘，此来卧绝之心也。
魂为碎，心未全，只乃一世轮回，再世为人！若巅峰未来之时，命运又何来完整之日！
非卧绝巅，持神兵，藐视苍生，无法无天！
卧绝巅峰是作者""乱世红尘""倾力创作的玄幻小说,在恒言中文网首发,提供最新章节无弹窗广告阅读,请支持原创正版。
粤ICP备20022615号-1
桂B2-20130025
提供都市小说、言情小说等好看的小说在线阅读，最新小说免费下载
Copyright©2014 www.hengyan.com All Rights Reserved
","争霸,热血,奇遇,YY,励志,复仇",玄幻
65,风流掌控者,40067,"天若压我，便捅破这天。
地若困我，就踏破这地。
当恩怨蔓延，谁来力挽狂澜。
当荣光不在，我自为爱成神！
让我们随主人公宁无缺一起，踏平人幻两界，纵意花丛之中！
风流掌控者是作者""贪吃的蜗牛""倾力创作的玄幻小说,在恒言中文网首发,提供最新章节无弹窗广告阅读,请支持原创正版。
粤ICP备20022615号-1
桂B2-20130025
提供都市小说、言情小说等好看的小说在线阅读，最新小说免费下载
Copyright©2014 www.hengyan.com All Rights Reserved
","暧昧,热血,扮猪吃老虎",玄幻
66,云陆纵横,38356,"一个玩世不恭寂寂无名的少年，却被强加上救世的命运。在善与恶的洪流中，他该如何自善其身？在是与非的挣扎中，他怎样端正原本单纯的心？
且看一位平凡的少年，在大世界的背景下演绎不平凡的人生！
云陆纵横是作者""白衣三藏""倾力创作的玄幻小说,在恒言中文网首发,提供最新章节无弹窗广告阅读,请支持原创正版。
粤ICP备20022615号-1
桂B2-20130025
提供都市小说、言情小说等好看的小说在线阅读，最新小说免费下载
Copyright©2014 www.hengyan.com All Rights Reserved
",暂无,玄幻
67,不死魔帝,36910,"他，出生在魔帝战死之地。
他，出生就为自己的家庭带来福气。
十三年如一日的努力，造就了自己的天赋。
但是事与愿违。
心爱人的背叛，家族亲人被暗杀。
我本仁善，天要亡我。我欲成魔。诸天灭道
魔帝战风带你走进强者的世界。
官方群号：313 565 222
不死魔帝是作者""断罪时空""倾力创作的玄幻小说,在恒言中文网首发,提供最新章节无弹窗广告阅读,请支持原创正版。
粤ICP备20022615号-1
桂B2-20130025
提供都市小说、言情小说等好看的小说在线阅读，最新小说免费下载
Copyright©2014 www.hengyan.com All Rights Reserved
",暂无,玄幻
68,无尽战气,36593,"神秘的天界，诡异的异族，高傲的炼金术师。看林辰如何屹立于世界之巅。等级：战气，战灵，战兵，战师，战将，战帅，战王，战皇。。。。。。
无尽战气是作者""可可颗粒""倾力创作的玄幻小说,在恒言中文网首发,提供最新章节无弹窗广告阅读,请支持原创正版。
粤ICP备20022615号-1
桂B2-20130025
提供都市小说、言情小说等好看的小说在线阅读，最新小说免费下载
Copyright©2014 www.hengyan.com All Rights Reserved
",暂无,玄幻
69,皇者在世,35856,"主角无意间在一山洞中拾到一块破旧的玉佩，却是自己先祖留下来的，里面封印着一头因为渡劫而受伤的天地所孕的上古神兽“龙须虎”。
在一次战斗中主角黄明东无意间激活了逆天体质后，被那头虎以三寸不烂之舌，收其为徒，并传授先祖留下的无上功法《极道皇决》，从此纵横天下，突破天地桎梏……
皇者在世是作者""落叶归根""倾力创作的玄幻小说,在恒言中文网首发,提供最新章节无弹窗广告阅读,请支持原创正版。
粤ICP备20022615号-1
桂B2-20130025
提供都市小说、言情小说等好看的小说在线阅读，最新小说免费下载
Copyright©2014 www.hengyan.com All Rights Reserved
",暂无,玄幻
70,魔道乱乾坤,29097,"六道轮回，鸿蒙开辟以来，生成地狱黄泉，其中有幽冥血海！在幽冥血海中，天生孕育了一个胎盘，后成为冥河教祖，有大神通，成阿修罗一族。谓，阿修罗魔王。以杀入道，杀天、杀地、杀众生——以众生之陨成天地之大道。天要灭我，那我便破了这个天！————一念入轮回，看我如何浴血而归。
佛本是道，魔道本一家，玉清不耻封神大战算计众圣，我阿修罗进入轮回他日必将血洗而归……
魔道乱乾坤是作者""韩洛""倾力创作的玄幻小说,在恒言中文网首发,提供最新章节无弹窗广告阅读,请支持原创正版。
粤ICP备20022615号-1
桂B2-20130025
提供都市小说、言情小说等好看的小说在线阅读，最新小说免费下载
Copyright©2014 www.hengyan.com All Rights Reserved
","重生,搞笑,扮猪吃老虎,斗智,帝王,权谋",玄幻
71,逆天魂帝,27676,"魂之大陆，位于第五位面。在这个属于人类的世界中，还生活着一些神秘的种族，面对着其他位面的侵袭，人类不断的修炼着自身魂魄的力量，以此保卫自己的家园。
这是一个以灵魂祭奠武力的世界，通过灵魂来激发体内的潜能，一次一次的突破，以此发挥出自身最强大的力量，而这种力量被人们称为魂之力…
逆天魂帝是作者""小不点""倾力创作的玄幻小说,在恒言中文网首发,提供最新章节无弹窗广告阅读,请支持原创正版。
粤ICP备20022615号-1
桂B2-20130025
提供都市小说、言情小说等好看的小说在线阅读，最新小说免费下载
Copyright©2014 www.hengyan.com All Rights Reserved
","争霸,热血,奇遇,技术流,激情,爽文",玄幻
72,傲世人王,25362,"【浮屠、本命神塔、镇压天下妖邪！】
【九州、神农巨鼎、集聚五行神韵！】
【苍生、屠尽万物、狂战天道浮沉！】
【人王、巅峰存在、长存万载历史！】
穿越异世的浮屠本为废材、却身怀异法、华夏底蕴、博大精深；
且看如何扮猪吃虎、敛财无尽、钓美无数、
灭世之后、人王再生、悲歌一曲、荡气回肠……
傲世人王是作者""本命庸才""倾力创作的玄幻小说,在恒言中文网首发,提供最新章节无弹窗广告阅读,请支持原创正版。
粤ICP备20022615号-1
桂B2-20130025
提供都市小说、言情小说等好看的小说在线阅读，最新小说免费下载
Copyright©2014 www.hengyan.com All Rights Reserved
","纨绔,热血,奇遇,扮猪吃老虎,护短,爽文",玄幻
73,五行四象,22605,"修五行，炼四象，报家仇，除魔道，得永生
五行四象是作者""孙家小子""倾力创作的玄幻小说,在恒言中文网首发,提供最新章节无弹窗广告阅读,请支持原创正版。
粤ICP备20022615号-1
桂B2-20130025
提供都市小说、言情小说等好看的小说在线阅读，最新小说免费下载
Copyright©2014 www.hengyan.com All Rights Reserved
",暂无,玄幻
74,武神天下,21508,"身负绝世血脉！
遭天嫉！遭人嫉！
这是他的命！他唯有逆天而行…
身陷宗门坑害，惨遭‘炮烙之刑’身负兄弟情仇。
是不幸，也是幸。
逆天改命，唯武独尊，才能武神天下…
武神天下是作者""九天腾龙""倾力创作的玄幻小说,在恒言中文网首发,提供最新章节无弹窗广告阅读,请支持原创正版。
粤ICP备20022615号-1
桂B2-20130025
提供都市小说、言情小说等好看的小说在线阅读，最新小说免费下载
Copyright©2014 www.hengyan.com All Rights Reserved
","热血,张扬,爽文",玄幻
75,神灵穿越记,20533,"是什么原因让他和麒麟影风成为敌人而他却不知道自己是重明鸟的后裔
为什么他和麒麟被穿越到未来的世界
神灵界以五个境界分.由白色，蓝色，黄色，绿色，紫色。而一个境界由初基期，中基期，顶级基期进阶下一个境界。

神灵穿越记是作者""mr威严""倾力创作的玄幻小说,在恒言中文网首发,提供最新章节无弹窗广告阅读,请支持原创正版。
粤ICP备20022615号-1
桂B2-20130025
提供都市小说、言情小说等好看的小说在线阅读，最新小说免费下载
Copyright©2014 www.hengyan.com All Rights Reserved
",暂无,玄幻
76,异世邪神之玄神至尊,20456,"痛！ 痛！痛！揪心的痛从身体的各个部位传进脑海，墨宇死死的攥住双拳，手上青筋凸起，仿佛在诉说着那撕心裂肺的痛。 墨宇猛然惊起，我，我还活着？逃！逃！得赶紧逃！墨宇马上挣扎着起身…… 一人，一珠，一剑，一天下。 阻我者，杀！挡我者，亦杀！
异世邪神之玄神至尊是作者""小虫""倾力创作的玄幻小说,在恒言中文网首发,提供最新章节无弹窗广告阅读,请支持原创正版。
粤ICP备20022615号-1
桂B2-20130025
提供都市小说、言情小说等好看的小说在线阅读，最新小说免费下载
Copyright©2014 www.hengyan.com All Rights Reserved
","重生,铁血,争霸,YY",玄幻
77,刀客行,20305,"刀客就应该硬汉，刀客就应该霸气，刀客就应该柔情。霸道刀客强势归来，踏星君，踩神王，且看逆天刀客如何纵横星空，笑傲十方。比赛需要投票，希望大家能投我一票，共创刀客神话。http://hudong.hengyan.com/dasai1/detail.aspx?id=4228
刀客行是作者""天殇月""倾力创作的玄幻小说,在恒言中文网首发,提供最新章节无弹窗广告阅读,请支持原创正版。
粤ICP备20022615号-1
桂B2-20130025
提供都市小说、言情小说等好看的小说在线阅读，最新小说免费下载
Copyright©2014 www.hengyan.com All Rights Reserved
",暂无,玄幻
78,异界战神,19222,"潼音自出生起就被命运牵绊，家园的神奇消失，穿越几千年的复仇，扑朔迷离的朋友关系，远古神兽的复苏。他一直在寻找自己的命运，可是接踵而来的却是一个让他难以接受的更大的迷……
异界战神是作者""海马荏苒""倾力创作的玄幻小说,在恒言中文网首发,提供最新章节无弹窗广告阅读,请支持原创正版。
粤ICP备20022615号-1
桂B2-20130025
提供都市小说、言情小说等好看的小说在线阅读，最新小说免费下载
Copyright©2014 www.hengyan.com All Rights Reserved
",暂无,玄幻
79,唯武独尊,18731,"一个山脉深处的世家，一位励志成为强者的废柴。
一座雷光下显现的七彩宝塔，一部演化万物的绝世功法。
适逢乱世，群雄四起，家族内忧外患。
看废柴少爷如何逆袭，看大陆诸雄谁主浮沉！！！
唯武独尊是作者""石头蛋蛋""倾力创作的玄幻小说,在恒言中文网首发,提供最新章节无弹窗广告阅读,请支持原创正版。
粤ICP备20022615号-1
桂B2-20130025
提供都市小说、言情小说等好看的小说在线阅读，最新小说免费下载
Copyright©2014 www.hengyan.com All Rights Reserved
",暂无,玄幻
80,苍穹战神,18645,"这是一个名为“天戟”的大陆，这是一个实力为尊的大陆。这里存在很多的种族，当然人类依然是主宰。我们的主角出身平凡。请看他将如何登上实力的巅峰，如何横扫苍穹。
苍穹战神是作者""只是因为你""倾力创作的玄幻小说,在恒言中文网首发,提供最新章节无弹窗广告阅读,请支持原创正版。
粤ICP备20022615号-1
桂B2-20130025
提供都市小说、言情小说等好看的小说在线阅读，最新小说免费下载
Copyright©2014 www.hengyan.com All Rights Reserved
","争霸,YY,朝堂,阵法,斗智,浪漫",玄幻
81,无神时代,18462,"我从此没有了亲人，没有了我所拥有的一切！我要成为强者，我要找到我要找的答案。父亲母亲如今你们在何方，孩儿好想你们？你们还活着吗？我要找到你们，找到我所失去的一切，我要变强！我要变强！我要变强！
无神时代是作者""轮回亿万年""倾力创作的玄幻小说,在恒言中文网首发,提供最新章节无弹窗广告阅读,请支持原创正版。
粤ICP备20022615号-1
桂B2-20130025
提供都市小说、言情小说等好看的小说在线阅读，最新小说免费下载
Copyright©2014 www.hengyan.com All Rights Reserved
",暂无,玄幻
82,神寂之宿命,17820,"梦想，因人而异。一代天骄因决斗而穿越，同样的梦想，同样的希望。让和平垂手可得，让民众幸福安康……人的一生，可以平平淡淡，也可以惊天动地，但是，人的尊严是不可以践踏的，只有真正会维护尊严的人，才可以走上强者的道路，拯救苍生。。。。
神寂之宿命是作者""传奇苇草""倾力创作的玄幻小说,在恒言中文网首发,提供最新章节无弹窗广告阅读,请支持原创正版。
粤ICP备20022615号-1
桂B2-20130025
提供都市小说、言情小说等好看的小说在线阅读，最新小说免费下载
Copyright©2014 www.hengyan.com All Rights Reserved
","重生,羽韵尘,邀请驻站",玄幻
83,太古血族,16951,"终有一日
他驻足插刀
放眼四顾
却已茫茫不见敌手……
太古血族是作者""霸占""倾力创作的玄幻小说,在恒言中文网首发,提供最新章节无弹窗广告阅读,请支持原创正版。
粤ICP备20022615号-1
桂B2-20130025
提供都市小说、言情小说等好看的小说在线阅读，最新小说免费下载
Copyright©2014 www.hengyan.com All Rights Reserved
",暂无,玄幻
84,决天幻世,16601,"离奇的身世，操控的命运 。手握至灵，脚踏星辰，只为命运由我掌控！幻世之道，双者对奕，你是棋子，我是棋子，可也要做一枚不平凡的“棋子”
问决、至灵、极寒、落影、星邃、道魔、苍世、赤炎、墨影、划空，十大神剑，誓决高低！风卷残云，苦修灵术，凝神谛视，只为在修成神！！！
决天幻世是作者""愤怒的萝卜心""倾力创作的玄幻小说,在恒言中文网首发,提供最新章节无弹窗广告阅读,请支持原创正版。
粤ICP备20022615号-1
桂B2-20130025
提供都市小说、言情小说等好看的小说在线阅读，最新小说免费下载
Copyright©2014 www.hengyan.com All Rights Reserved
",暂无,玄幻
85,魔影,14956,"远古的奇幻大陆，以脉术为无上之法。一直流传着一句“不成脉者，皆为蝼蚁！”
而他，以一手，一宠，一巨剑！破常道，成就不朽神话！
为亲人，他宁弃功名！
为兄弟，他宁战到底！
为知己，他宁负天下人！
风云游，魔影现，血债就要血还！！
魔影是作者""曙少""倾力创作的玄幻小说,在恒言中文网首发,提供最新章节无弹窗广告阅读,请支持原创正版。
粤ICP备20022615号-1
桂B2-20130025
提供都市小说、言情小说等好看的小说在线阅读，最新小说免费下载
Copyright©2014 www.hengyan.com All Rights Reserved
",暂无,玄幻
86,绝世圣尊,14861,"收剑片，炼天青，摆脱青天束缚，独入古混沌……
被误认为废柴的少年齐云，不仅拥有百年难遇的修炼资质，更有始终不懈的坚持努力。而他还有勇往直前，不惧生死的逆天之意。在这个以强者为尊的世界，他注定是一位强者。
一位顶天立地，独傲九天的尊者。
绝世圣尊是作者""毅力王者小雨""倾力创作的玄幻小说,在恒言中文网首发,提供最新章节无弹窗广告阅读,请支持原创正版。
粤ICP备20022615号-1
桂B2-20130025
提供都市小说、言情小说等好看的小说在线阅读，最新小说免费下载
Copyright©2014 www.hengyan.com All Rights Reserved
","暧昧,纨绔,热血,奇遇",玄幻
87,混沌修仙记,13112,"因为一次意外，被邪魔入侵，在宋半仙的帮助下，不仅保住了性命，还得到了高人的传承。再一次外出时，被人屠村，为了报仇将其灭绝，但是却被其背后之人发现，开始了逃亡之旅，在一次次的遭遇战中，发誓将这些人尽数毁灭。却不想，陷入了更深的泥潭之中。
混沌修仙记是作者""雪地中的小火苗""倾力创作的玄幻小说,在恒言中文网首发,提供最新章节无弹窗广告阅读,请支持原创正版。
粤ICP备20022615号-1
桂B2-20130025
提供都市小说、言情小说等好看的小说在线阅读，最新小说免费下载
Copyright©2014 www.hengyan.com All Rights Reserved
","奇遇,热血,争霸,神兽,阵法",玄幻
88,异世战神,11538,"伟大的诸神之王啊，
请赐予我们您无穷无尽的神力吧。
——禁·诸神觉醒之黄昏的乐章
异世战神是作者""妹妹我爱你""倾力创作的玄幻小说,在恒言中文网首发,提供最新章节无弹窗广告阅读,请支持原创正版。
粤ICP备20022615号-1
桂B2-20130025
提供都市小说、言情小说等好看的小说在线阅读，最新小说免费下载
Copyright©2014 www.hengyan.com All Rights Reserved
",暂无,玄幻
89,东尘西界,10449,"人生苦本虚如梦，——踏破红尘轮回转。
遥望苍天长空破，——渺渺红尘藏仙灵。
极度世界命脉转，——儿女情长共相随。
笑看生死长相忆，——绵绵终归既浮云。
东尘西界是作者""最终浮尘""倾力创作的玄幻小说,在恒言中文网首发,提供最新章节无弹窗广告阅读,请支持原创正版。
粤ICP备20022615号-1
桂B2-20130025
提供都市小说、言情小说等好看的小说在线阅读，最新小说免费下载
Copyright©2014 www.hengyan.com All Rights Reserved
",暂无,玄幻
90,大轮回路,8801,"林潇在结婚当天，一场意外的车祸让他重生到名叫地仙大陆的世界，这个世界强者如林，其面积亦不知比地球宽广多少，一次次的奇遇，一次次的对强者之路的渴望，林潇却发现了仙界不过是一个惊天的骗局，看他如何解开这惊世之局，找到回家的路……
大轮回路是作者""可乐加冰""倾力创作的玄幻小说,在恒言中文网首发,提供最新章节无弹窗广告阅读,请支持原创正版。
粤ICP备20022615号-1
桂B2-20130025
提供都市小说、言情小说等好看的小说在线阅读，最新小说免费下载
Copyright©2014 www.hengyan.com All Rights Reserved
","重生,杀手,奇遇,传统,斗智",玄幻
91,天麒传说,8657,"一轮圆月，悬挂夜空，照射着无边大地；
一座邸府，辉耀华光，散发出万丈光芒；
一道身影，傲视同州，震撼着四海八荒；
一声哭泣，九转回肠，彻响在大陆苍穹。
天麒传说是作者""冷月清风""倾力创作的玄幻小说,在恒言中文网首发,提供最新章节无弹窗广告阅读,请支持原创正版。
粤ICP备20022615号-1
桂B2-20130025
提供都市小说、言情小说等好看的小说在线阅读，最新小说免费下载
Copyright©2014 www.hengyan.com All Rights Reserved
","世家,奇遇,斗气,激情,神兽,爽文",玄幻
92,NBA野史,8436,"这里是NBA的平行世界，在这里没有篮球，但你能寻找到一切跟篮球有关的人和事。那些已经尘封了的名字再次苏醒，没落的豪门重新复苏。来吧，让我们再战联盟！
NBA野史是作者""零秒绝杀""倾力创作的玄幻小说,在恒言中文网首发,提供最新章节无弹窗广告阅读,请支持原创正版。
粤ICP备20022615号-1
桂B2-20130025
提供都市小说、言情小说等好看的小说在线阅读，最新小说免费下载
Copyright©2014 www.hengyan.com All Rights Reserved
","召唤,后宫,纨绔,争霸,热血,NBA",玄幻
93,神秘狂人,6826,"一生修炼数百年， 最终成仙帝、等来的却是魔帝这种帝级高手的对战，与厮杀。
神秘狂人是作者""神秘狂人""倾力创作的玄幻小说,在恒言中文网首发,提供最新章节无弹窗广告阅读,请支持原创正版。
粤ICP备20022615号-1
桂B2-20130025
提供都市小说、言情小说等好看的小说在线阅读，最新小说免费下载
Copyright©2014 www.hengyan.com All Rights Reserved
",暂无,玄幻
94,破天,5888,"剑，则刚。宁断不弯。这里有千奇百怪的剑术，有无数凌于凡人之上的强者，有无数绝顶的天才。
剑者的世界里永远只能用实力开说话，剑之极致，一剑破天！！！
一个人，一把剑，一壶酒。看他如何斩尽强敌，践踏天才的尸体一步步直指剑道神坛！！！
万剑归宗我自刚，一剑破天我为尊！！！
破天是作者""血月""倾力创作的玄幻小说,在恒言中文网首发,提供最新章节无弹窗广告阅读,请支持原创正版。
粤ICP备20022615号-1
桂B2-20130025
提供都市小说、言情小说等好看的小说在线阅读，最新小说免费下载
Copyright©2014 www.hengyan.com All Rights Reserved
",暂无,玄幻
95,狂暴天尊,2434,"至尊大陆，九大至尊家族凌驾一切。但不知为何，有一天同为九大至尊家族的夏族所在的至尊领域空间突然崩毁，除族中老祖以大法力卷走部分族中优秀子弟与掌事人外，其余人都被时空乱流泯灭......
此事一经传出，其余八大家族和各大势力纷纷派人前去查看，但夏族逃出来的人却神秘失踪了......
疑点重重，但九大至尊家族本来就不是铁板一块，夏族的至尊空间为何会崩毁？
夏族逃...
狂暴天尊是作者""上帝也疯狂""倾力创作的玄幻小说,在恒言中文网首发,提供最新章节无弹窗广告阅读,请支持原创正版。
粤ICP备20022615号-1
桂B2-20130025
提供都市小说、言情小说等好看的小说在线阅读，最新小说免费下载
Copyright©2014 www.hengyan.com All Rights Reserved
",暂无,玄幻
1,假婚真爱，总裁的心尖宠妻,14454231,"未婚夫和堂姐酒店偷情，她忍着愤怒躲进床底。
岂料，自称是堂姐男友的男人也在。
床上狗男女激烈缠绵，床下他搂着她在她耳边低声戏谑，“你未婚夫睡了我女友，你说我要不要把你睡回来？”
一纸婚书把两人绑在一起，她需要钱，他需要为期两年的婚姻。
他却把她爱入心，疼入骨，宠上云端，谁都知道秦初夏这个女人不能惹，那怕是一丝一毫。
假婚真爱，总裁的心尖宠妻是作者""杨四儿""倾力创作的言情小说,在恒言中文网首发,提供最新章节无弹窗广告阅读,请支持原创正版。
粤ICP备20022615号-1
桂B2-20130025 网络文化经营许可证：桂网文[2018]1334-010
提供都市小说、言情小说等好看的小说在线阅读，最新小说免费下载
Copyright©2014 www.hengyan.com All Rights Reserved
","斗智,契约,总裁,同居,虐恋",言情
2,重生嫡女：指腹为婚,8670355,"上一世，她是不谙世事的学士府嫡女，轻信她人；
落得被姐妹陷害，相公背叛，众人欺辱！
最后和自己的骨肉被沉塘而死……
这一世，卷土重来，将一切汹涌暗潮尽收眼底。
将一切异己，一网打尽，将一切恩仇，一次算清！
弃渣男，觅良婿，许自己一世情深……
重生嫡女：指腹为婚是作者""夕枫""倾力创作的言情小说,在恒言中文网首发,提供最新章节无弹窗广告阅读,请支持原创正版。
粤ICP备20022615号-1
桂B2-20130025 网络文化经营许可证：桂网文[2018]1334-010
提供都市小说、言情小说等好看的小说在线阅读，最新小说免费下载
Copyright©2014 www.hengyan.com All Rights Reserved
",重生,言情
3,亿万首席：萌宝蛮妻强势来袭,1965844,"没有梦想的人跟咸鱼有什么差别。
陆熙柔有个梦想，在她情窦初开的十六岁时，就立下誓言——这辈子一定要嫁给顾明远！
所以，在他订婚的当晚，陆熙柔决定，把他睡了！
亿万首席：萌宝蛮妻强势来袭是作者""落姐""倾力创作的言情小说,在恒言中文网首发,提供最新章节无弹窗广告阅读,请支持原创正版。
粤ICP备20022615号-1
桂B2-20130025 网络文化经营许可证：桂网文[2018]1334-010
提供都市小说、言情小说等好看的小说在线阅读，最新小说免费下载
Copyright©2014 www.hengyan.com All Rights Reserved
","豪门,冤家,暧昧",言情
4,一吻成瘾：BOSS的神秘妻,20843591,"她为搪塞老妈只得被迫相亲，结果第一次见面就被霸道酷少拉去民政局办理结婚登记。
他对她百般呵护，疼惜万分，她以为真的找到了幸福，把自己的初吻，初恋，甚至第一次都给了他。
然而，换来的却是一场精心策划的骗局，他与她的婚姻，只是为了让他登上总裁宝座？
当繁华风景看透，他与她是否还能细水长流？
一吻成瘾：BOSS的神秘妻是作者""楚韵儿""倾力创作的言情小说,在恒言中文网首发,提供最新章节无弹窗广告阅读,请支持原创正版。
粤ICP备20022615号-1
桂B2-20130025 网络文化经营许可证：桂网文[2018]1334-010
提供都市小说、言情小说等好看的小说在线阅读，最新小说免费下载
Copyright©2014 www.hengyan.com All Rights Reserved
","总裁,婆媳,萌系可爱,虐恋,暧昧",言情
5,暗恋已成歌,805046,"一段从青春时代开始却阴差阳错错过的爱情，当时光荏苒
两人重逢，爱情是否可以继续，故事后来……
暗恋已成歌是作者""怡慕""倾力创作的言情小说,在恒言中文网首发,提供最新章节无弹窗广告阅读,请支持原创正版。
粤ICP备20022615号-1
桂B2-20130025 网络文化经营许可证：桂网文[2018]1334-010
提供都市小说、言情小说等好看的小说在线阅读，最新小说免费下载
Copyright©2014 www.hengyan.com All Rights Reserved
",暂无,言情
6,冷情王爷小萌妃,4010723,"沈君瑶，一个21世纪的乖乖女无意中穿越到了樊国85年，面对陌生的一切无奈之下只好给人家当丫鬟。秦圣杰，樊国出了名的冷王爷，却因为这个小丫鬟让他的世界发生了天翻地覆的变化。渐渐的两人被对方吸引也在不知不觉中相爱了，本文有三分搞笑三分宠溺三分感人再加上一分纯洁然后就有了一个十分完美的结局！
冷情王爷小萌妃是作者""怀菱""倾力创作的言情小说,在恒言中文网首发,提供最新章节无弹窗广告阅读,请支持原创正版。
粤ICP备20022615号-1
桂B2-20130025 网络文化经营许可证：桂网文[2018]1334-010
提供都市小说、言情小说等好看的小说在线阅读，最新小说免费下载
Copyright©2014 www.hengyan.com All Rights Reserved
",暂无,言情
7,王爷小心，妃要爬墙,981646,"一招穿越，占了凤倾颜的身体，沈倾颜体会她的错爱悲哀。
霸气休夫，敢爱敢恨，在波云诡异的朝堂之外沉浮，她如何躲避层层算计？尔虞我诈，算计四起，美人心计，何以畏惧！
有人说她是乱世红颜，倾国祸水，她依然风声水起。
最终，惊鸿一瞥，觅得如玉出尘的他，甘愿为之画地为牢，倾尽所有。
问世间情为何物，那是一物降一物！
王爷小心，妃要爬墙是作者""臣妾依依""倾力创作的言情小说,在恒言中文网首发,提供最新章节无弹窗广告阅读,请支持原创正版。
粤ICP备20022615号-1
桂B2-20130025 网络文化经营许可证：桂网文[2018]1334-010
提供都市小说、言情小说等好看的小说在线阅读，最新小说免费下载
Copyright©2014 www.hengyan.com All Rights Reserved
","穿越,腹黑,帝王",言情
8,首席冷少：独宠正牌千金,200813,"她本是豪门千金，却因一场恩怨而被抛弃。恢复身份，却发现那个家已经有一个代替她的人。
他是集团总裁，却时时被身边人算计。一场阴谋她救了险些坠海而亡的他，他为报恩处处护她。父母不宠，哥哥不爱，那他来宠，他来爱。
首席冷少：独宠正牌千金是作者""红色的阿狸""倾力创作的言情小说,在恒言中文网首发,提供最新章节无弹窗广告阅读,请支持原创正版。
粤ICP备20022615号-1
桂B2-20130025 网络文化经营许可证：桂网文[2018]1334-010
提供都市小说、言情小说等好看的小说在线阅读，最新小说免费下载
Copyright©2014 www.hengyan.com All Rights Reserved
","暧昧,青春,豪门,萌系可爱",言情
9,婚婚欲睡，总裁老公太心急,2212904,"新娘逃婚她顶着小三转正的恶名嫁入豪门，成了陆少奶奶。
怀孕两月，他扔给她一纸离婚协议无情离开。
在见她已是金光闪闪大明星，追求者围绕一大堆。
看着帅气的小奶包他邪魅一笑：“嗨，你儿子跟我长得很像！”
“姓陆的，我们已经离婚了！”小女人忍无可忍朝他吼。
步步朝她逼近，他在她耳边低喃：“新欢只是欢，前夫才是爱。”
婚婚欲睡，总裁老公太心急是作者""杨四儿""倾力创作的言情小说,在恒言中文网首发,提供最新章节无弹窗广告阅读,请支持原创正版。
粤ICP备20022615号-1
桂B2-20130025 网络文化经营许可证：桂网文[2018]1334-010
提供都市小说、言情小说等好看的小说在线阅读，最新小说免费下载
Copyright©2014 www.hengyan.com All Rights Reserved
","明星,冤家,暧昧,总裁,同居",言情
10,宫廷风云外传,1091632,"她一个都市白领，一个为生活奔波的人，再一次登山旅行中意外跌落山崖。
当她再次醒来时发现自己已在一个陌生的环境里。
她该怎么办？她又能真么办？？她的命运又该如何......
宫廷风云外传是作者""蒸发的水""倾力创作的言情小说,在恒言中文网首发,提供最新章节无弹窗广告阅读,请支持原创正版。
粤ICP备20022615号-1
桂B2-20130025 网络文化经营许可证：桂网文[2018]1334-010
提供都市小说、言情小说等好看的小说在线阅读，最新小说免费下载
Copyright©2014 www.hengyan.com All Rights Reserved
",暂无,言情
11,邪王萌宠：天才神妃难驯服,557535,"她，国际第一间谍，却痴迷古剑。一次穿越成了明神国的三公主。斗太子坑皇上，打王爷欺魔君。时而装逼卖萌，时而霸气侧漏。
他，舜祁大陆的最强者，翻手为云覆手为雨，却独独对她情有独钟，溺爱成瘾。
他，魔域大陆的统治者，嗜血狠戾，誓言一统天下，却甘为她粉身碎骨。
他，一国皇帝，心怀天下，却为她倾尽所有，誓言非卿不娶。
穿越逗比无极限，却引无数英雄尽折腰！
邪王萌宠：天才神妃难驯服是作者""六月小雪""倾力创作的言情小说,在恒言中文网首发,提供最新章节无弹窗广告阅读,请支持原创正版。
粤ICP备20022615号-1
桂B2-20130025 网络文化经营许可证：桂网文[2018]1334-010
提供都市小说、言情小说等好看的小说在线阅读，最新小说免费下载
Copyright©2014 www.hengyan.com All Rights Reserved
","争霸,神兽,斗智,穿越,帝王",言情
12,凤临天下：独宠傲妃,1998006,"本以为穿越为公主，从此过上富贵的日子，偶尔玩玩宫斗什么的。
岂料在她六岁时，养父皇帝被害，母妃失踪，太子中蛊，奸妃篡位……
大庆王朝，岂容奸人祸害？
有骷髅师父教的一身本事，她必须帮大皇兄夺回王位！
誓要除了他的蛊，夺回他的国，还他一个盛世王朝！
“大皇兄，你我非亲身兄妹……待你赢得天下，娶了人家可好？”
凤临天下：独宠傲妃是作者""懒虫盼巅峰""倾力创作的言情小说,在恒言中文网首发,提供最新章节无弹窗广告阅读,请支持原创正版。
粤ICP备20022615号-1
桂B2-20130025 网络文化经营许可证：桂网文[2018]1334-010
提供都市小说、言情小说等好看的小说在线阅读，最新小说免费下载
Copyright©2014 www.hengyan.com All Rights Reserved
","穿越,帝王,宫斗",言情
13,穿来妃货：妖孽王爷霸上弓,490685,"素有吃货享誉全校的某女，为陪室友参加学长见面会，不幸遭遇史上最强龙卷风，狂风怒号穿到那鸟不拉屎、鸡不生蛋无历史朝代——西凉国。荒唐醒来竟吊在一棵树上，白绫伺候。被婢女解救知其身份后，竟知大婚在即，还是替她人代罪嫁人。作为21世纪的女性，三十六计，走为上计，可谁知强中更有强中手，出逃未遂，某妖孽男邪恶的道：“爱妃，该回府拜堂了！”某女眼不睁心不跳的道：“爷，待我长发极腰，尝遍天下美食，再拜堂吧！...
穿来妃货：妖孽王爷霸上弓是作者""玛瑙石""倾力创作的言情小说,在恒言中文网首发,提供最新章节无弹窗广告阅读,请支持原创正版。
粤ICP备20022615号-1
桂B2-20130025 网络文化经营许可证：桂网文[2018]1334-010
提供都市小说、言情小说等好看的小说在线阅读，最新小说免费下载
Copyright©2014 www.hengyan.com All Rights Reserved
",暂无,言情
14,枕上宠婚，总裁前妻很抢手,744398,"他是权势滔天，富可敌国的白家二公子；她是无人问津的落魄千金，一场利益的婚姻将二人连在一起。
他霸道，果决，却唯独对她另眼相待。
就在她决定接受他时，他却说：“我们离婚吧！”
“好。”仅仅一个字，却让她痛彻心扉。
当真相揭开，面对他的深情，她又该何去何从……

枕上宠婚，总裁前妻很抢手是作者""怡香""倾力创作的言情小说,在恒言中文网首发,提供最新章节无弹窗广告阅读,请支持原创正版。
粤ICP备20022615号-1
桂B2-20130025 网络文化经营许可证：桂网文[2018]1334-010
提供都市小说、言情小说等好看的小说在线阅读，最新小说免费下载
Copyright©2014 www.hengyan.com All Rights Reserved
",暂无,言情
15,总裁老公吻上瘾,3629983,"他是神秘而低调的商业奇才，她是默默无闻的职场菜鸟。
面对闺蜜背弃、父母欺骗，她含泪走向红地毯，嫁给陌生人。
然而他却意外出现，扔下一句‘你要嫁的人应该是我’，牵着她的手冲出了礼堂。
一场甜蜜婚姻，是相夫教子守望一生，还是陌路两行各行其道？
爱情总是在相互折磨中慢慢滋生，无踪迹，无法寻觅。
一但爱上，便无法回头。
总裁老公吻上瘾是作者""梦依旧""倾力创作的言情小说,在恒言中文网首发,提供最新章节无弹窗广告阅读,请支持原创正版。
粤ICP备20022615号-1
桂B2-20130025 网络文化经营许可证：桂网文[2018]1334-010
提供都市小说、言情小说等好看的小说在线阅读，最新小说免费下载
Copyright©2014 www.hengyan.com All Rights Reserved
","暧昧,腹黑,总裁,豪门,萌系可爱",言情
16,乱舞芳华：丞相欠管教,455688,"漂亮的水墨色眸子，纤长的睫毛仿似眨动间便能勾人心魄，一身银白色长袍衬着散落周身的如瀑长发，温润如玉，飘然出尘。
只因皇帝一声令下，自此温润丞相遇上21世纪搞怪小强女，蹦嚓嚓！
她凭什么要关门？她就偏不。你不是乐意和我斗嘴吗？那你就当着全京城老百姓的面和我斗好了，反正我不是丞相，我不怕丢人。
看官们且不要走开～～
乱舞芳华：丞相欠管教是作者""白飞飞""倾力创作的言情小说,在恒言中文网首发,提供最新章节无弹窗广告阅读,请支持原创正版。
粤ICP备20022615号-1
桂B2-20130025 网络文化经营许可证：桂网文[2018]1334-010
提供都市小说、言情小说等好看的小说在线阅读，最新小说免费下载
Copyright©2014 www.hengyan.com All Rights Reserved
","穿越,冤家,腹黑,斗智,浪漫",言情
17,唇唇欲动，冷少的独家私宠,1572712,"他是邪魅的集团总裁，她是以情妇身份被夜夜掠夺的心机女。
就算明知道她是错的人，他也依旧将她宠上云端，然而当真相大白，她转身一脚将他踹进地狱！
面对必须做出的生离死别，他笑如夺命修罗，残忍地掐住她的脖颈，“女人，要么做我此生的新娘，要么做我手上的新尸，你，选择哪种？”
唇唇欲动，冷少的独家私宠是作者""天线宝宝""倾力创作的言情小说,在恒言中文网首发,提供最新章节无弹窗广告阅读,请支持原创正版。
粤ICP备20022615号-1
桂B2-20130025 网络文化经营许可证：桂网文[2018]1334-010
提供都市小说、言情小说等好看的小说在线阅读，最新小说免费下载
Copyright©2014 www.hengyan.com All Rights Reserved
","虐恋,替身,契约,豪门,腹黑",言情
18,穿越异世之生死相依,434318,"因为爱，所以爱了；因为爱，所以恨了。带着深深的爱与恨，她来到了一座偏岛上，跳入了深不见底的海中，以此结束这可悲可恨的一切，本以为这样就可以解脱了，可老天似乎总喜欢跟她开玩笑，她不但没有死，反而复活了，只是可悲的是她活在了另一个世界，而前世的记忆却依然存在，一个与她生前不一样的世界，这个朝代在历史的字典里是查不到的，那就是“莫国”。既来之，则安之，待看她是如何在这个朝代生存？看遭遇失忆的她如何忘...
穿越异世之生死相依是作者""玛瑙石""倾力创作的言情小说,在恒言中文网首发,提供最新章节无弹窗广告阅读,请支持原创正版。
粤ICP备20022615号-1
桂B2-20130025 网络文化经营许可证：桂网文[2018]1334-010
提供都市小说、言情小说等好看的小说在线阅读，最新小说免费下载
Copyright©2014 www.hengyan.com All Rights Reserved
",暂无,言情
19,天价萌妻：总裁请立正,263372,"她是寄养在他家无父无母的孤儿，初见，他怒喝她“小乞丐！”
他是家族企业的富家公子，再见，她尊敬他“三少！”
她为心中以为的真爱从军拼至少将，三年后归来，他拥她入怀，千言万语只到嘴边变成了心疼的呢喃。
她幼年阴影，她生性凉薄，她果断利落，都只是她的自卑而已。
如果能重回初见，她会选择再也不见。
如果能重回初见，他会选择温柔轻呵。
天价萌妻：总裁请立正是作者""巫葭""倾力创作的言情小说,在恒言中文网首发,提供最新章节无弹窗广告阅读,请支持原创正版。
粤ICP备20022615号-1
桂B2-20130025 网络文化经营许可证：桂网文[2018]1334-010
提供都市小说、言情小说等好看的小说在线阅读，最新小说免费下载
Copyright©2014 www.hengyan.com All Rights Reserved
","暧昧,总裁,腹黑,青梅竹马,搞笑",言情
20,拒婚老婆，么么哒,1405989,"传说，简家是受到诅咒的家庭，所以，她是简何，也是简媛。
因为姐姐的离世，她不得不一人分饰两角来生活，订婚之日她被他强行夺走。
从此虐身虐心，当整个身心交付出去时，一切却变了样子，让她生不如死。
只是，说好的不谈情，既然他睡了她却不要她，为何还要一朵一朵的掐掉她的桃花？

拒婚老婆，么么哒是作者""安默暖""倾力创作的言情小说,在恒言中文网首发,提供最新章节无弹窗广告阅读,请支持原创正版。
粤ICP备20022615号-1
桂B2-20130025 网络文化经营许可证：桂网文[2018]1334-010
提供都市小说、言情小说等好看的小说在线阅读，最新小说免费下载
Copyright©2014 www.hengyan.com All Rights Reserved
",暂无,言情
21,毒女复仇记,350094,"她为筹集母亲医药费委屈被潜，不料丑闻被曝光，人生堕入黑暗。却也因此引得各路美男主动招惹。这些男人的纠缠，却让她被男友背叛，更得罪了黑暗势力，被毁容，好友被害，母亲被逼死！天道不公，我来还自己公平！换张脸，换一副心肠，翻转形势在这黑暗世道之中夺取立足之地！欠我的男人，金钱，权利，还有命全部都要还给我！
毒女复仇记是作者""掉线木偶""倾力创作的言情小说,在恒言中文网首发,提供最新章节无弹窗广告阅读,请支持原创正版。
粤ICP备20022615号-1
桂B2-20130025 网络文化经营许可证：桂网文[2018]1334-010
提供都市小说、言情小说等好看的小说在线阅读，最新小说免费下载
Copyright©2014 www.hengyan.com All Rights Reserved
","腹黑,总裁,浪漫,虐恋,豪门,迷情",言情
22,总裁大人请滚开,1605365,"他爱她深入骨髓，却不得不对她加以折磨，最后还送她一句话，“几个男人才能够填饱你这样的贱人！”
她爱他爱到昏天暗地，但也恨不得把他挫骨扬灰。
纠纠缠缠却又不能分开。
到底是什么原因让他们变成这样。
等到兜兜转转，他终于下定决心对她说出他的心意时，她对他生冷的说出一句话，“总裁大人，你的爱我承受不起，请滚开！”

总裁大人请滚开是作者""妖小金""倾力创作的言情小说,在恒言中文网首发,提供最新章节无弹窗广告阅读,请支持原创正版。
粤ICP备20022615号-1
桂B2-20130025 网络文化经营许可证：桂网文[2018]1334-010
提供都市小说、言情小说等好看的小说在线阅读，最新小说免费下载
Copyright©2014 www.hengyan.com All Rights Reserved
",暂无,言情
23,一吻成瘾：爹地求放过,770635,"一次意外的逃生，她遇到了他，糊里糊涂的相遇，她把自己一生的幸福，都葬送在那个男人身上……
他爱她甚至不惜一切代价，将她绑在自己的身边。却成就了她一步一步的报仇之路。
“项鹏涛小朋友，你怎么那么喜欢耍酷呀，你很聪明，那我问你一个问题好了，一加一等于几呀？”
“薛嘉伦那是二，你个白痴。”
“错，不是等于二，也不是等于三哟，是等于四的咩！”
一吻成瘾：爹地求放过是作者""楚韵儿""倾力创作的言情小说,在恒言中文网首发,提供最新章节无弹窗广告阅读,请支持原创正版。
粤ICP备20022615号-1
桂B2-20130025 网络文化经营许可证：桂网文[2018]1334-010
提供都市小说、言情小说等好看的小说在线阅读，最新小说免费下载
Copyright©2014 www.hengyan.com All Rights Reserved
","腹黑,总裁,虐恋,豪门,萌系可爱",言情
24,叔叔小心我撒野,1124900,"遇见他的时候，她才19岁，他是她名义上的叔叔，记者和明星之间
千丝万缕纠缠，他想要摧毁美好的她又想守护着这份美好。她在众人眼里唯唯诺诺，却唯独在他世界里撒野，从叔叔到……纸是包不住火的，当关系被捅破，她站在镜头下笑如瑰丽。
“逸辰叔叔对我很好，只是叔叔和侄女间的好，我们没有任何暧昧关系！”
心，竟然有些疼，为什么？
叔叔小心我撒野是作者""花安夏""倾力创作的言情小说,在恒言中文网首发,提供最新章节无弹窗广告阅读,请支持原创正版。
粤ICP备20022615号-1
桂B2-20130025 网络文化经营许可证：桂网文[2018]1334-010
提供都市小说、言情小说等好看的小说在线阅读，最新小说免费下载
Copyright©2014 www.hengyan.com All Rights Reserved
",暂无,言情
25,谁先说我爱你,434170,"他们是一场奇异的邂逅！
她是个名符其实的假小子！
他是个举止优雅的真绅士！
他们竟然在头一天认识就睡在同一个房间了？
为了和他在一起，她非常努力的把自己变成淑女！
他们之间却又很多的障碍！
为了爱他，她付出了她能够复出的所有！
但却始终执着着谁说‘我爱你’！
谁先说我爱你是作者""蒸发的水""倾力创作的言情小说,在恒言中文网首发,提供最新章节无弹窗广告阅读,请支持原创正版。
粤ICP备20022615号-1
桂B2-20130025 网络文化经营许可证：桂网文[2018]1334-010
提供都市小说、言情小说等好看的小说在线阅读，最新小说免费下载
Copyright©2014 www.hengyan.com All Rights Reserved
",暂无,言情
26,独家秘恋：男神老公请温柔,227212,"她爱上了养母的儿子，然而有一天错把心上人的孪生弟弟当做了他，被骗了初吻，进而引发一连串误会和机缘巧合的暧昧事件，产生了错综复杂的爱恋情感。
当她偶然得知生父的下落，却也险些落入生父的魔爪，被误解为生父的小三。更糟糕的是，她的生父极可能是杀死爱人父亲的凶手。
然而这一切都与她早逝的母亲留下的重重谜团相关，当谜题解开时，她最终能否与心爱的人在一起？
独家秘恋：男神老公请温柔是作者""梓焰""倾力创作的言情小说,在恒言中文网首发,提供最新章节无弹窗广告阅读,请支持原创正版。
粤ICP备20022615号-1
桂B2-20130025 网络文化经营许可证：桂网文[2018]1334-010
提供都市小说、言情小说等好看的小说在线阅读，最新小说免费下载
Copyright©2014 www.hengyan.com All Rights Reserved
","二男争一女,暧昧",言情
27,纨绔太子妃,705330,"她看似娇小，实则狡诈如狐，惩嫡母，罚嫡姐，但女人终究是女人，最终得遵循家族安排嫁入宫廷。
新婚之夜，盖头揭开，她看着新郎，瞠目结舌，天下还有更美的人吗？而新郎却含羞带怯低下头，“花痴”。
他美艳不可方物，明明是头腹黑的野狼， 却无辜得像个最纯真的孩子。
且看现代职场女嫁入宫廷后，如何斗群妃，保相公，揭阴谋， 更用那柔弱的肩膀，担起辅助家国的重任？
纨绔太子妃是作者""苏苏小秦""倾力创作的言情小说,在恒言中文网首发,提供最新章节无弹窗广告阅读,请支持原创正版。
粤ICP备20022615号-1
桂B2-20130025 网络文化经营许可证：桂网文[2018]1334-010
提供都市小说、言情小说等好看的小说在线阅读，最新小说免费下载
Copyright©2014 www.hengyan.com All Rights Reserved
","宫斗,穿越,帝王,腹黑,纨绔",言情
28,婚婚欲动：总裁别太拽,512692,"“先生，你这种搭讪的方式已经过时了，麻烦你来点儿新鲜的。”看着站在自己面前，依旧英俊潇洒，依旧让女人为之疯狂的男人，米格格唇边划过一抹慑人的冷笑。
笑话，姑奶奶我是你招之则来，挥之则去的女人？姑奶奶现在看上的，可是小鲜肉，你这种腊肉，能滚多远就滚多远，姑奶奶不屑一顾。
“老婆，小鲜肉怎么能和老腊肉相比呢？不要忘记了，昨晚可是老腊肉让你……”
婚婚欲动：总裁别太拽是作者""天线宝宝""倾力创作的言情小说,在恒言中文网首发,提供最新章节无弹窗广告阅读,请支持原创正版。
粤ICP备20022615号-1
桂B2-20130025 网络文化经营许可证：桂网文[2018]1334-010
提供都市小说、言情小说等好看的小说在线阅读，最新小说免费下载
Copyright©2014 www.hengyan.com All Rights Reserved
","总裁,豪门,斗智",言情
29,灵魂娇妻，换换爱,74614,"一个是善良可爱的叶依一，一个是时而霸气时而温柔总裁傅颜谨，两个人阴差阳错，互换身体，一段甜蜜温馨且尴尬的日子过后。
身世千回百转，终是仇人之女，爱情与仇恨他终究还是选错，一步步走向不归路，失望与痛苦让叶依一离开。
多年后再次相逢，她已不在是那个懵懂的女孩，国际商务谈判师的身份让她更加耀眼，处于痛苦中的他该如何选择？是爱终究战胜仇恨？还是无尽的恨意让他变本加厉？
...
灵魂娇妻，换换爱是作者""巫小颜""倾力创作的言情小说,在恒言中文网首发,提供最新章节无弹窗广告阅读,请支持原创正版。
粤ICP备20022615号-1
桂B2-20130025 网络文化经营许可证：桂网文[2018]1334-010
提供都市小说、言情小说等好看的小说在线阅读，最新小说免费下载
Copyright©2014 www.hengyan.com All Rights Reserved
",暂无,言情
30,名门嫡女,510485,"穿越时空的冷若岚成为名门嫡女，可是美得冒泡的夫婿却冷漠的如山，所以……女儿当自强！
美男乖乖来生娃吧！
怎么？美男联合起来欺负人？
哼，你们都给我等着，看我这异世凤凰如何让你们的世界翻天覆地！我冷若岚就要逆天！
名门嫡女是作者""夜夕香""倾力创作的言情小说,在恒言中文网首发,提供最新章节无弹窗广告阅读,请支持原创正版。
粤ICP备20022615号-1
桂B2-20130025 网络文化经营许可证：桂网文[2018]1334-010
提供都市小说、言情小说等好看的小说在线阅读，最新小说免费下载
Copyright©2014 www.hengyan.com All Rights Reserved
","复仇,世家,穿越",言情
31,总裁别乱来,1374974,"她是金城最尊贵的公主，一朝家破人亡，她变成了绝色倾城的舞女。
他是韶华集团的傀儡总裁，为了报复，他化身嗜血的恶魔，残忍的伤害了那个坚强又柔弱的女子。
她不顾一切的想要逃离恶魔的身边，却最终失了心，落了情。
他以为自己只是为了报复，却在不知不觉中，遗落了那颗心。
她想要忘记那份情，他想要记得那份情。
于是，情场如战场，谁胜谁负，便难以预...
总裁别乱来是作者""雪泪""倾力创作的言情小说,在恒言中文网首发,提供最新章节无弹窗广告阅读,请支持原创正版。
粤ICP备20022615号-1
桂B2-20130025 网络文化经营许可证：桂网文[2018]1334-010
提供都市小说、言情小说等好看的小说在线阅读，最新小说免费下载
Copyright©2014 www.hengyan.com All Rights Reserved
","腹黑,总裁,豪门,迷情,绝色倾城",言情
32,总裁宠妻成瘾,255502,"公公带着情敌出现在她的婚姻生活，将她父亲逼得进入了医院抢救。
最终，她随父去往凤国，寻找杀害妈妈的凶手。
在她正要忘却他之际，他突然出现阻止她新的生活。
“不好意思，段总裁，我是你前妻！”
“不好意思，我没签！”
被他倒打一耙，她气得不怒反笑，“段总裁，我看您适合戴绿帽子！”
她越逃，他追得越紧，”霸道总裁，还我清静生活...
总裁宠妻成瘾是作者""苹果""倾力创作的言情小说,在恒言中文网首发,提供最新章节无弹窗广告阅读,请支持原创正版。
粤ICP备20022615号-1
桂B2-20130025 网络文化经营许可证：桂网文[2018]1334-010
提供都市小说、言情小说等好看的小说在线阅读，最新小说免费下载
Copyright©2014 www.hengyan.com All Rights Reserved
","总裁,豪门",言情
33,豪门婚宠：娇妻不好惹,920102,"她是一代神偷，才第二次相遇，她就莫名成了他的妻子，纵然再不愿，还是被迫留了下来，而当一切阴谋浮出水面。
她笑着离开：你利用的不过是我肮脏的身体，而我利用的却是你活生生的心，我赚了不是吗？
一纸婚姻，一场阴谋，一段缠绵，这场游戏，看似他们都赢了，却也是最大的输家。
豪门婚宠：娇妻不好惹是作者""花安夏""倾力创作的言情小说,在恒言中文网首发,提供最新章节无弹窗广告阅读,请支持原创正版。
粤ICP备20022615号-1
桂B2-20130025 网络文化经营许可证：桂网文[2018]1334-010
提供都市小说、言情小说等好看的小说在线阅读，最新小说免费下载
Copyright©2014 www.hengyan.com All Rights Reserved
","搞笑,暧昧,同居",言情
34,拐个阎王当老公,675608,"纯萌少女，一场车祸，误入地狱；一夜之欢，错上阎王；为求还阳，扰乱三界！
他说：“留下做本王的冥妃吧！”
呃，她才不要咧！
嘿嘿，这么帅的掉渣的男人当然要抓回去当老公了……
萧独影2014年全新力作异世总裁系列，相信能带给大家不一样的感觉！
拐个阎王当老公是作者""萧独影""倾力创作的言情小说,在恒言中文网首发,提供最新章节无弹窗广告阅读,请支持原创正版。
粤ICP备20022615号-1
桂B2-20130025 网络文化经营许可证：桂网文[2018]1334-010
提供都市小说、言情小说等好看的小说在线阅读，最新小说免费下载
Copyright©2014 www.hengyan.com All Rights Reserved
",暂无,言情
35,倾世王妃,100846,"深宫大院处处充满了阴谋诡计，尔虞我诈，想要活下去就必须不择手段。
偌大的江山都是她的，她便是王法，可也有身心无力的时候。
风吹霜落转眼间，已是千年，长离匆匆，她早已不是她，但这江山是她用命换来的，谁也夺不走。
他爱她胜过自己，明知是利用，可还是死心塌地的付出，抛开一切只因爱。
为了她，他爱上了一个不该爱的人，国仇家恨忘却一切。
他只想...
倾世王妃是作者""沐尘""倾力创作的言情小说,在恒言中文网首发,提供最新章节无弹窗广告阅读,请支持原创正版。
粤ICP备20022615号-1
桂B2-20130025 网络文化经营许可证：桂网文[2018]1334-010
提供都市小说、言情小说等好看的小说在线阅读，最新小说免费下载
Copyright©2014 www.hengyan.com All Rights Reserved
","穿越,宫斗,虐恋,权谋,迷情",言情
36,邪魅王爷冷情妃,159503,"夜落风昔今亦改，月入凡尘乱君心。
切切切，空悲余恨。
风吹浮沙迷人眼，雪飘彩云醉人魂。
断断断，魄消人散！
邪魅王爷冷情妃是作者""家里老大""倾力创作的言情小说,在恒言中文网首发,提供最新章节无弹窗广告阅读,请支持原创正版。
粤ICP备20022615号-1
桂B2-20130025 网络文化经营许可证：桂网文[2018]1334-010
提供都市小说、言情小说等好看的小说在线阅读，最新小说免费下载
Copyright©2014 www.hengyan.com All Rights Reserved
",暂无,言情
37,如烟似梦,90854,"这是个如烟似梦的故事。
静如烟是个善良的、‘一根筋’一样的女孩，误打误撞的认识了有妇之夫的杨宸羽，两个人从误会慢慢演变成了情感的纠缠······。
杨宸羽的老婆云菲菲因意外摘取了子-宫而无法生孩子。
静如烟因为爱（其实是一种畸形的爱，自己身在其中，真爱不需要名分）为其生下了孩子。
不想离婚而也希望自己能拥有杨宸羽孩子的云菲菲设计抢走了静如烟的儿子...
如烟似梦是作者""紫荷嫣""倾力创作的言情小说,在恒言中文网首发,提供最新章节无弹窗广告阅读,请支持原创正版。
粤ICP备20022615号-1
桂B2-20130025 网络文化经营许可证：桂网文[2018]1334-010
提供都市小说、言情小说等好看的小说在线阅读，最新小说免费下载
Copyright©2014 www.hengyan.com All Rights Reserved
",暂无,言情
38,迷糊穿越：妖孽美男成群,2309579,"她，21世纪的顶级杀手，性格阴冷，手段毒辣！
从来只赢不输，然而，这次上级交给她的任务，仅是刺杀黑道上有名的大枭云浩！对于她来说，轻而易举罢了！
她成功的潜入，也成功的将他彻底铲除！一切完毕后，然，她却误打误撞的穿越了！
一个来自冥界地狱般的声音，在唤她回去！完成未完成的使命！
很偶然，她穿越的这具身体也跟她同名，烈火七焰！镇国大将军之女...
迷糊穿越：妖孽美男成群是作者""蜡笔小新""倾力创作的言情小说,在恒言中文网首发,提供最新章节无弹窗广告阅读,请支持原创正版。
粤ICP备20022615号-1
桂B2-20130025 网络文化经营许可证：桂网文[2018]1334-010
提供都市小说、言情小说等好看的小说在线阅读，最新小说免费下载
Copyright©2014 www.hengyan.com All Rights Reserved
","穿越,腹黑,YY,重生,杀手",言情
39,豪门娇妻：总裁请淡定,137205,"善变的总裁，朝三暮四……
袁墨涵是一个非常讨厌以总裁自居男人的，但是偏偏让她碰到了一个，而且，她还必须奉命成婚。
没办法，眼巴巴准备从少女变成少妇，但是，在新婚之夜，那个可恶的总裁，竟然玩消失，虽然他很帅，年少多金，也不能原谅他……
袁墨涵决定报复，温柔的女人玩起狠来，那可不是一般的凶残，总裁你淡定些，我不就是给你戴了一顶绿帽骗子吗？
接下来，还...
豪门娇妻：总裁请淡定是作者""超级白菜""倾力创作的言情小说,在恒言中文网首发,提供最新章节无弹窗广告阅读,请支持原创正版。
粤ICP备20022615号-1
桂B2-20130025 网络文化经营许可证：桂网文[2018]1334-010
提供都市小说、言情小说等好看的小说在线阅读，最新小说免费下载
Copyright©2014 www.hengyan.com All Rights Reserved
","暧昧,青春,虐恋,总裁,冤家",言情
40,斗狠：不做小女人,21013,"“为什么是我，为什么是我在过这种生活”，难道她连选择的权利都没了吗，只能默默的忍受这一切本不该属于她的痛苦。她用笑脸掩饰自己所受过的伤，用刻薄的言语来回应打击她的人，告诉他们，她绝不会是软弱的羔羊。任何想伤害她的人，只会伤的更重。用罪责来忏悔你们的人生吧。——林颜
一个原本应该青春快乐的女生，却只看到了人的阴暗面，逐渐成长的她逐渐痛苦。谁会给她带来阳光，让内心的冰雪城堡逐渐溶解，绽...
斗狠：不做小女人是作者""风来云往""倾力创作的言情小说,在恒言中文网首发,提供最新章节无弹窗广告阅读,请支持原创正版。
粤ICP备20022615号-1
桂B2-20130025 网络文化经营许可证：桂网文[2018]1334-010
提供都市小说、言情小说等好看的小说在线阅读，最新小说免费下载
Copyright©2014 www.hengyan.com All Rights Reserved
","学生,花季校园,励志,青春",言情
41,帝妃来袭，邪王请淡定,164853,"一朝穿越，她却平白无故从女儿身变成男儿郎。
面对温柔体贴却古里古怪的大哥哥，她该怎样守住自己是女儿身的秘密；
情窦初开，偶然邂逅狂妄不羁神秘莫测的他，她奉上真情却遍体鳞伤。
高人说：成，帝王业；败，帝王妻。无论如何，她终究是困在笼中的金丝雀罢了，可她偏生不信邪，不就是秘密吗，看她挖个底朝天。
帝妃来袭，邪王请淡定是作者""臭脚丫""倾力创作的言情小说,在恒言中文网首发,提供最新章节无弹窗广告阅读,请支持原创正版。
粤ICP备20022615号-1
桂B2-20130025 网络文化经营许可证：桂网文[2018]1334-010
提供都市小说、言情小说等好看的小说在线阅读，最新小说免费下载
Copyright©2014 www.hengyan.com All Rights Reserved
","搞笑,王爷,腹黑",言情
42,真情假爱太难辨,98096,"狠心离去就是不爱吗？无微不至又是真心吗？纷纷纷扰扰的尘世到底有多少真情？一颗受伤的心为何还要再添伤痕？
真情假爱太难辨是作者""飞呀""倾力创作的言情小说,在恒言中文网首发,提供最新章节无弹窗广告阅读,请支持原创正版。
粤ICP备20022615号-1
桂B2-20130025 网络文化经营许可证：桂网文[2018]1334-010
提供都市小说、言情小说等好看的小说在线阅读，最新小说免费下载
Copyright©2014 www.hengyan.com All Rights Reserved
","穿越,帝王,王爷",言情
43,抹不去的幸福痕迹,623739,"拿了男人给他的100万，凌枫踏上了自己的创业之路，虽然他从未想过放弃莫筱寒，但一句对不起，背叛了多少句我爱你？
哀莫大于心死，夺了莫筱寒的第一次，蓝景昊一直理不清自己对莫筱寒的感情，可当他终于能确定自己的爱时，他还有挽回的机会吗？
为了莫筱寒的笑，冯清宇甘愿一生护她安好，可在爱情的世界里，付出与回报永远都不能祈求平等。他默默地等待可有收获的季节？
生...
抹不去的幸福痕迹是作者""清泠暖汐""倾力创作的言情小说,在恒言中文网首发,提供最新章节无弹窗广告阅读,请支持原创正版。
粤ICP备20022615号-1
桂B2-20130025 网络文化经营许可证：桂网文[2018]1334-010
提供都市小说、言情小说等好看的小说在线阅读，最新小说免费下载
Copyright©2014 www.hengyan.com All Rights Reserved
","腹黑,花季校园,总裁,迷情",言情
44,腹黑总裁太霸道,537847,"陈雨涵在酒宴上高兴忘情迷迷糊糊的误入总统套房，意外失身于年轻英俊的总裁上官墨隐……
这是一个年少多金，风流成性的总裁，车震被拍到之后，竟然厚颜无耻、自鸣得意。
陈雨涵要多看他不顺眼，就多不顺眼，但是两人的轨迹却总是交集在一起。
上官墨隐经常嘲笑陈雨涵的智商，陈雨涵却笑着说，白痴又怎么样，让总裁倒贴，才是女人最大的胜利！
腹黑总裁太霸道是作者""斗斗飞""倾力创作的言情小说,在恒言中文网首发,提供最新章节无弹窗广告阅读,请支持原创正版。
粤ICP备20022615号-1
桂B2-20130025 网络文化经营许可证：桂网文[2018]1334-010
提供都市小说、言情小说等好看的小说在线阅读，最新小说免费下载
Copyright©2014 www.hengyan.com All Rights Reserved
","暧昧,YY,虐恋,浪漫,契约",言情
45,穿越之王妃很倾城,237420,"一段恋情，一场车祸，一场穿越，她来到了一个陌生的朝代，开始了她的新生活。在这兜兜转转的世界里，最后还是回到原点，美丽的女子都是红颜祸水，倾城绝色又如何。在美丽的瀑布前她救了她，两人相识，相知，相爱，最后她为了救他不慎跌入深渊，等到再次出现时却是以花魁的身份。
一件小事的误会，两人开始了不曾出现的摩擦和一连串的误会，这样两人最后又如何？途中在他们的生活里却闯入了其他的人，让这一段本...
穿越之王妃很倾城是作者""墨尔本未晴""倾力创作的言情小说,在恒言中文网首发,提供最新章节无弹窗广告阅读,请支持原创正版。
粤ICP备20022615号-1
桂B2-20130025 网络文化经营许可证：桂网文[2018]1334-010
提供都市小说、言情小说等好看的小说在线阅读，最新小说免费下载
Copyright©2014 www.hengyan.com All Rights Reserved
",暂无,言情
46,穿越之绝世王妃,64495,"21世纪黑道杀手赵灵在一次任务中被朋友出卖，哥哥赵漠然和她双双被害，她死后却意外穿越到轩辕王朝东方家族的庶女东方亦雪身上；不同的身份；不同的空间，在这里她会遇见谁？将会发生一场怎样的生死绝恋？她的人生将会被画成怎样的色彩？
穿越之绝世王妃是作者""罪影倾城""倾力创作的言情小说,在恒言中文网首发,提供最新章节无弹窗广告阅读,请支持原创正版。
粤ICP备20022615号-1
桂B2-20130025 网络文化经营许可证：桂网文[2018]1334-010
提供都市小说、言情小说等好看的小说在线阅读，最新小说免费下载
Copyright©2014 www.hengyan.com All Rights Reserved
","重生,杀手",言情
47,冷璃姣,328934,"一场失忆给了她三年的平静，
一桩婚事重又将她拉回阴谋和情爱中，
往事不可忆；过往总是要纠缠她；
落花随流水，她又怕负君相思意；
恩也好，情也罢，痛也好，恨也罢
既然要搅这一滩浑水，便让它浑个彻底！
哼！她璃芗欠下的总是会还，别人欠她的也休想不还！
冷璃姣是作者""芷冉""倾力创作的言情小说,在恒言中文网首发,提供最新章节无弹窗广告阅读,请支持原创正版。
粤ICP备20022615号-1
桂B2-20130025 网络文化经营许可证：桂网文[2018]1334-010
提供都市小说、言情小说等好看的小说在线阅读，最新小说免费下载
Copyright©2014 www.hengyan.com All Rights Reserved
",暂无,言情
48,醉妃祸江山,108619,"酒楼门口初相遇，仙颜紫发倾君心。血流三番救君命，醉蛊鸳鸯系两情。汉家儿郎多柔情，宫内女子少宁安。醉伴君侧愿为妃，祸兮福矣让江山。
醉妃祸江山是作者""飞呀""倾力创作的言情小说,在恒言中文网首发,提供最新章节无弹窗广告阅读,请支持原创正版。
粤ICP备20022615号-1
桂B2-20130025 网络文化经营许可证：桂网文[2018]1334-010
提供都市小说、言情小说等好看的小说在线阅读，最新小说免费下载
Copyright©2014 www.hengyan.com All Rights Reserved
",暂无,言情
49,菡萏公主,73225,"我要谢谢这个平台给我创业了一个写作的机会。只要是对我好的网站，我就愿意陪着它慢慢成长，我成长的过程，也是网站壮大的过程，网站成熟的过程也就是我进步的过程。《菡萏公主》群：279378936希望大家支持。
菡萏公主是作者""满畦莲香""倾力创作的言情小说,在恒言中文网首发,提供最新章节无弹窗广告阅读,请支持原创正版。
粤ICP备20022615号-1
桂B2-20130025 网络文化经营许可证：桂网文[2018]1334-010
提供都市小说、言情小说等好看的小说在线阅读，最新小说免费下载
Copyright©2014 www.hengyan.com All Rights Reserved
",暂无,言情
50,蜜宠亿万娇妻,378119,"他是商业巨子，爱他如命，宠她入骨。
她胆小有些自卑，乖巧可人，性格温柔。
他单膝跪地，让她成为唯一的真命天女。她，为他生了孩子，在他身边，像是最卑微的小保姆。
但是一场风暴来临，他怀疑孩子不是他的，怀疑她在外面有很多男人，她只能选择做个落跑新娘。
蜜宠亿万娇妻是作者""迷一样""倾力创作的言情小说,在恒言中文网首发,提供最新章节无弹窗广告阅读,请支持原创正版。
粤ICP备20022615号-1
桂B2-20130025 网络文化经营许可证：桂网文[2018]1334-010
提供都市小说、言情小说等好看的小说在线阅读，最新小说免费下载
Copyright©2014 www.hengyan.com All Rights Reserved
","暧昧,总裁,虐恋,迷情,背叛",言情
51,本少爷才不爱你,121424,"“如果你知道总有一天，本少爷会离开，你还会不会像现在这样爱我？”
“就算知道你只剩下一天，我也会爱你24个小时，1440分钟，86400秒钟。”
“这样啊，那如果本少爷知道自己会爱上你，我绝对不会接触你。”
“好了，别说了，我们好好享受这最后的时光吧。”
其实，本少爷当初是真的想，撮合你和雪柔的。只是命运捉弄，订婚，然后，再也挣不开了。楚...
本少爷才不爱你是作者""顾若惜""倾力创作的言情小说,在恒言中文网首发,提供最新章节无弹窗广告阅读,请支持原创正版。
粤ICP备20022615号-1
桂B2-20130025 网络文化经营许可证：桂网文[2018]1334-010
提供都市小说、言情小说等好看的小说在线阅读，最新小说免费下载
Copyright©2014 www.hengyan.com All Rights Reserved
",暂无,言情
52,百转成凰,104201,"朋友一起穿，一主一配。她，完全符合穿越女主角的身份。美男围绕，爱情满满。是那种捧在手里怕摔了，含在嘴里怕化了的大宝贝。
而她，就不这么幸运了……不幸地沦为了配角。
但，谁说配角就没有春天？谁说配角就不能咸鱼大翻身？
百转成凰是作者""糖思月萩""倾力创作的言情小说,在恒言中文网首发,提供最新章节无弹窗广告阅读,请支持原创正版。
粤ICP备20022615号-1
桂B2-20130025 网络文化经营许可证：桂网文[2018]1334-010
提供都市小说、言情小说等好看的小说在线阅读，最新小说免费下载
Copyright©2014 www.hengyan.com All Rights Reserved
","穿越,腹黑,浪漫,王爷,冤家",言情
53,王爷别太拽,106414,"简介无力，欢迎跳坑！！
梅棋儿赶上‘时髦’穿越了，好嘛！穿了就穿了吧，既然上天给了一次重生的机会，那就好好的重活一次吧。
然而，她是别人手中最最得力的杀人利器，没有自由，一切的一切早已掌控在别人的手中。
等待她的将是什么呢？
网编夏日凉风邀请驻站
王爷别太拽是作者""小重九""倾力创作的言情小说,在恒言中文网首发,提供最新章节无弹窗广告阅读,请支持原创正版。
粤ICP备20022615号-1
桂B2-20130025 网络文化经营许可证：桂网文[2018]1334-010
提供都市小说、言情小说等好看的小说在线阅读，最新小说免费下载
Copyright©2014 www.hengyan.com All Rights Reserved
","杀手,复仇,虐恋,暧昧,亡灵骷髅",言情
54,麒麟血咒,81688,"什么？诅咒？她不知道，真的不知道 ！不然她绝不会摔了血麒麟！为什么？就为了一只麒麟，一个诅咒，竟让他们相爱的如此痛苦。为保护她，他宁愿负她；为救他，她不惜扔下襁褓中的女儿，甘愿化作麒麟玉！难道一开就错了，她不该爱上他？既然一切都是注定，万般皆是命！那么，死，即便对世间有太多留恋，太多的不舍，她也无悔！她不管传说是否属实，也不管她的血是否真能让血麒麟愈合，只要他活着，她愿背负着他一生的恨长埋于世...
麒麟血咒是作者""萧独影""倾力创作的言情小说,在恒言中文网首发,提供最新章节无弹窗广告阅读,请支持原创正版。
粤ICP备20022615号-1
桂B2-20130025 网络文化经营许可证：桂网文[2018]1334-010
提供都市小说、言情小说等好看的小说在线阅读，最新小说免费下载
Copyright©2014 www.hengyan.com All Rights Reserved
","虐恋,血麒麟  古言 ",言情
55,复仇娇妻：错爱冷情总裁,702392,"他是多金而又帅气的总裁，因缘际遇她不可自拔的爱上了他。
她是年轻貌美的安盛集团首席设计师，她要展开疯狂复仇。
因为意外她成为了他的租客加职员，可他却从未正眼瞧过她：“像你这种心机重、拜金势力的女人我见得多，我的人跟我的心永远都不可能属于你。”
一夜缠情之后，当她一身冰冷如斯的以复仇之名出现在他面前的时候，他的心乱了，而她的情是否也会跟着乱了呢？

复仇娇妻：错爱冷情总裁是作者""夜阑珊""倾力创作的言情小说,在恒言中文网首发,提供最新章节无弹窗广告阅读,请支持原创正版。
粤ICP备20022615号-1
桂B2-20130025 网络文化经营许可证：桂网文[2018]1334-010
提供都市小说、言情小说等好看的小说在线阅读，最新小说免费下载
Copyright©2014 www.hengyan.com All Rights Reserved
","暧昧,同居,总裁,豪门,背叛",言情
56,凤啸九天之雪舞皇朝,282347,"她，一个亡国公主；一个权倾南国的王爷的正牌王妃；一个一舞动天下的绝世美人；且看她如何走上复国之路，如何倾尽天下最尊贵优秀的男子！
当风华散尽，天下乱起，唯有一人，一直站在她身边，默默守候，宁愿弃了江山，与她携手天涯。
一段绝世爱恋，一场倾世权谋，都只为了你一个人而设——雪城泠兮。
“我的愿望就是诅咒你——一辈子安好无虞！”是谁在耳边低低轻叹，那一句燃尽世间的...
凤啸九天之雪舞皇朝是作者""琉云夙""倾力创作的言情小说,在恒言中文网首发,提供最新章节无弹窗广告阅读,请支持原创正版。
粤ICP备20022615号-1
桂B2-20130025 网络文化经营许可证：桂网文[2018]1334-010
提供都市小说、言情小说等好看的小说在线阅读，最新小说免费下载
Copyright©2014 www.hengyan.com All Rights Reserved
","后宫,斗智,宫斗,帝王,王爷,君千泷,雪城泠兮,冰玄琴",言情
57,再见我的灰色青春,212549,"豪门千金唯爱平民校草，继承人与灰姑娘上演夺爱记，甜心萝莉邂逅腹黑明星苏泽西，原本不相识的两个女孩因意外变故走到一起却发现对方竟是……车祸阴谋，身世秘密，爱恨纠缠……
再见我的灰色青春是作者""跳舞的呆子""倾力创作的言情小说,在恒言中文网首发,提供最新章节无弹窗广告阅读,请支持原创正版。
粤ICP备20022615号-1
桂B2-20130025 网络文化经营许可证：桂网文[2018]1334-010
提供都市小说、言情小说等好看的小说在线阅读，最新小说免费下载
Copyright©2014 www.hengyan.com All Rights Reserved
","青春,花季校园,豪门,纪念,青春",言情
62,七世情缘：奈何桥下已千年,40246,"错过你,已错过了我今生的夙愿
我只能乞求上苍,用生命换取今生最后的相见
哪怕只有一瞬间,告诉你,我依然守着那句誓言
奈何桥上,等你到百年 等你到万年……心若一动 泪已千行
他是掌管人间姻缘的月老，她是掌管地府封印阴魂记忆的孟婆。他负责捋顺大家的情丝，而她负责斩断大家的情丝，过了那么多年，他们没有想到自己的情丝在哪里，一直孤身一人。七世姻缘，从最开...
七世情缘：奈何桥下已千年是作者""斩情丝""倾力创作的言情小说,在恒言中文网首发,提供最新章节无弹窗广告阅读,请支持原创正版。
粤ICP备20022615号-1
桂B2-20130025 网络文化经营许可证：桂网文[2018]1334-010
提供都市小说、言情小说等好看的小说在线阅读，最新小说免费下载
Copyright©2014 www.hengyan.com All Rights Reserved
",暂无,言情
1,神级强者在都市,81119297,"未世特战兵王，在一次执行女娲补天任务中出现意外，灵魂附身在一个二十一世纪胆小怕事，性格懦弱的大家族少爷身上，从此开始了不平凡的一生。财富手中握，美人怀里揉，敌人脚下踩。
群1：108427833，群2：57385208。微信公众号：剑锋本尊
神级强者在都市是作者""剑锋""倾力创作的都市小说,在恒言中文网首发,提供最新章节无弹窗广告阅读,请支持原创正版。
粤ICP备20022615号-1
桂B2-20130025
提供都市小说、言情小说等好看的小说在线阅读，最新小说免费下载
Copyright©2014 www.hengyan.com All Rights Reserved
","热血,兵王,豪门,总裁,后宫",都市
2,女总裁的超级兵王,41849300,"曾经佣兵世界的王者，一手握生死，一掌定乾坤；
被逼回国与美女总裁相亲，醉卧美人群。
超级兵王低调归来，却无意招惹到火辣迷人的女警花，清纯美丽的女教师，还有那刁蛮任性的小萝莉……
他拳打富二代、脚踩古武世家，凭借自身能力为美女排忧解难。
无论情场还是战场，叶飞永远是美女心中的男神，他的人生就是一部完美传奇！
小墨的兄弟姐妹们 42313...
女总裁的超级兵王是作者""挥墨客""倾力创作的都市小说,在恒言中文网首发,提供最新章节无弹窗广告阅读,请支持原创正版。
粤ICP备20022615号-1
桂B2-20130025
提供都市小说、言情小说等好看的小说在线阅读，最新小说免费下载
Copyright©2014 www.hengyan.com All Rights Reserved
","兵王,暧昧,后宫,热血",都市
3,偷香邪医,54953613,"林逸，一个身怀上古医术的超级高手，在大都市中混得如鱼得水！
他脚踩敌人，怀抱美女，一步步踩着尸体，登上世界巅峰！
正可谓是权势霸道横行无忌，怀里美妞成群，数钱数到手抽筋，打人打到脚发抖！
且看超级功夫神医，如何在诺大的都市混的风声水起！
偷香邪医是作者""挥墨客""倾力创作的都市小说,在恒言中文网首发,提供最新章节无弹窗广告阅读,请支持原创正版。
粤ICP备20022615号-1
桂B2-20130025
提供都市小说、言情小说等好看的小说在线阅读，最新小说免费下载
Copyright©2014 www.hengyan.com All Rights Reserved
","暧昧,医生,爽文,激情,YY",都市
4,医武神相,11678187,"“不错，没钱没势，是我留不住你，但是，谁敢保证我一辈子碌碌无为！”李凌在心中雄心壮志的说道。
一部《昊天决》造就一代天帝，更是成就一代传奇人物，让这天都在他的脚下颤抖。
医武神相是作者""爱恨雾气""倾力创作的都市小说,在恒言中文网首发,提供最新章节无弹窗广告阅读,请支持原创正版。
粤ICP备20022615号-1
桂B2-20130025
提供都市小说、言情小说等好看的小说在线阅读，最新小说免费下载
Copyright©2014 www.hengyan.com All Rights Reserved
","奇遇,医生,扮猪吃老虎,励志,暧昧",都市
5,绝品邪少,19115602,"曾被撸走的神秘少年，在消失十年之后重新归来，只想在繁华的都市与亲人平凡度过一生。
当美女总裁、妩媚少妇、傲娇萝莉……形形色色的女人走进了他的生活。
吴天迷茫了，既然如此，人生苦短，还是及时性感吧！
一场激情与香艳之旅就此拉开帷幕.......
绝品邪少是作者""坤境""倾力创作的都市小说,在恒言中文网首发,提供最新章节无弹窗广告阅读,请支持原创正版。
粤ICP备20022615号-1
桂B2-20130025
提供都市小说、言情小说等好看的小说在线阅读，最新小说免费下载
Copyright©2014 www.hengyan.com All Rights Reserved
","热血,纨绔,暧昧",都市
6,特种军医在都市,5533295,"萧辰，特种部队首席军医，他人长的帅，医术通玄！
他又是令人闻风丧胆的特种兵王，黑暗世界令人谈之色变的杀手之神；不管走到哪里，哪里便是血雨腥风，血流成河。身世扑朔迷离的他又将如何在寻找被害真相的道路上坐拥美女，谱写彪悍人生，成就无上传奇？！
且看萧辰如何游戏在群美之中？
特种军医在都市是作者""无风柳絮""倾力创作的都市小说,在恒言中文网首发,提供最新章节无弹窗广告阅读,请支持原创正版。
粤ICP备20022615号-1
桂B2-20130025
提供都市小说、言情小说等好看的小说在线阅读，最新小说免费下载
Copyright©2014 www.hengyan.com All Rights Reserved
","暧昧,爽文,医生,兵王",都市
7,医道生香,2377261,"实习医生陆刚，偶然获得一本古书上的玄术与医道传承，自此开始了不一样的人生！
他银针渡人，术法渡鬼，成就济世仁心，都市生活逍遥自在！
白腿校花、轻熟御姐，美艳教师、医生和白领……纷沓而至。
且看陆刚如何在这风骚的大都市混迹花丛，风生水起。
医道生香是作者""东方未明""倾力创作的都市小说,在恒言中文网首发,提供最新章节无弹窗广告阅读,请支持原创正版。
粤ICP备20022615号-1
桂B2-20130025
提供都市小说、言情小说等好看的小说在线阅读，最新小说免费下载
Copyright©2014 www.hengyan.com All Rights Reserved
",暂无,都市
8,大小姐的妖孽保镖,2054757,"暧魅有理,YD无限！
特种兵王回归都市，意外成为大小姐的贴身保镖.
大小姐工作时没事调戏下咖啡厅服务员，大小姐睡觉时就逗逗美艳女仆，大小姐游泳时，来捉弄捉弄服务生，大小姐没事儿时，那就得和她谈谈人生、理想了。
当然，地点得是在闺房，时间得是在半夜……
总而言之，暧昧不能断，精彩得连连……
大小姐的妖孽保镖是作者""九牧""倾力创作的都市小说,在恒言中文网首发,提供最新章节无弹窗广告阅读,请支持原创正版。
粤ICP备20022615号-1
桂B2-20130025
提供都市小说、言情小说等好看的小说在线阅读，最新小说免费下载
Copyright©2014 www.hengyan.com All Rights Reserved
","暧昧,明星,爽文,同居,扮猪吃老虎,保镖",都市
9,我的极品美女们,9701068,"一个剑道最变态的男人，只想平平淡淡的过日子。于是，他便隐藏力量，混在一所著名公司上班。本想混吃等死，低调生活。可惜事与愿违，和美女总裁一夜荒唐后好运天降，被逼娶其为妻。而后，美女同事，萝莉，御姐……也纷纷走进了他的生活。
这时，商海筹谋；修真异能、权贵阀门；黑暗势力、世家侠隐，也都一一粉墨登场……
我的极品美女们是作者""猪大侠""倾力创作的都市小说,在恒言中文网首发,提供最新章节无弹窗广告阅读,请支持原创正版。
粤ICP备20022615号-1
桂B2-20130025
提供都市小说、言情小说等好看的小说在线阅读，最新小说免费下载
Copyright©2014 www.hengyan.com All Rights Reserved
","暧昧,争霸,奇遇,YY,扮猪吃老虎,激情",都市
10,绝品高手在都市,3574223,"大山高手来到都市，却遭遇美女纠缠！
为了征服美女总裁，为了儿时妻妾成群的伟大梦想，身怀绝世功夫的猪脚，在这繁华天地里，嚣张逆袭，一路高歌！
踏巅峰，掌生死，纵横都市，醒掌天下权；
泡美女，扩后宫，玩美无数，醉卧美人膝！

绝品高手在都市是作者""绝情贱""倾力创作的都市小说,在恒言中文网首发,提供最新章节无弹窗广告阅读,请支持原创正版。
粤ICP备20022615号-1
桂B2-20130025
提供都市小说、言情小说等好看的小说在线阅读，最新小说免费下载
Copyright©2014 www.hengyan.com All Rights Reserved
","暧昧,YY,扮猪吃老虎,斗智,爽文",都市
11,都市无上仙医,2823623,"深山少年叶天，身怀金龙之神血脉，琴棋书画样样精通，更有惊世医术在身，因为修为的瓶颈，踏入都市繁闹之中，进入这巨大的染缸，他的未来，将会点缀出怎样的人生。
身世之谜，道魔之变，妖龙乱世，还有着各种各样的情感与纠纷，又将一步步将他带往何处？
醉游红尘书友群：276952748
都市无上仙医是作者""醉游红尘""倾力创作的都市小说,在恒言中文网首发,提供最新章节无弹窗广告阅读,请支持原创正版。
粤ICP备20022615号-1
桂B2-20130025
提供都市小说、言情小说等好看的小说在线阅读，最新小说免费下载
Copyright©2014 www.hengyan.com All Rights Reserved
","医生,扮猪吃老虎,暧昧",都市
12,神级保安,2604405,"雇佣兵世界的王者，为了完成父母的遗愿返回故乡，在飞往华夏的飞机上与美女一次荒唐的行为后，彻底改变了他的命运。
凭借自身能力，他为美女化解了一场又一场的危机，无论情场还是战场，韩晨，永远是胜利者。
他是一个低调的保安，他让保安成为最高贵的化身。
神级保安是作者""逆雪晨""倾力创作的都市小说,在恒言中文网首发,提供最新章节无弹窗广告阅读,请支持原创正版。
粤ICP备20022615号-1
桂B2-20130025
提供都市小说、言情小说等好看的小说在线阅读，最新小说免费下载
Copyright©2014 www.hengyan.com All Rights Reserved
","扮猪吃老虎,暧昧,世家,热血,同居,保镖,兵王",都市
13,女总裁的近身高手,2146339,"绝品兵王杨洛回归都市，匿身混入美女如云的夏氏集团充当看门小保安。一夜烂醉，醒来身边躺着个美女总裁……被迫签订结婚协议，当发现一切都是被算计后已经不能回头。
麻烦不断，桃花运也不断，冷艳美女总裁妻子，清纯可爱的美女同事，调皮性感的小姨，各色美女接踵出现……
护老婆，守红颜！再续强者传奇。
女总裁的近身高手是作者""猫猫德""倾力创作的都市小说,在恒言中文网首发,提供最新章节无弹窗广告阅读,请支持原创正版。
粤ICP备20022615号-1
桂B2-20130025
提供都市小说、言情小说等好看的小说在线阅读，最新小说免费下载
Copyright©2014 www.hengyan.com All Rights Reserved
","兵王,热血,暧昧,励志",都市
14,我的美女总裁老婆,1853044,"杀手之王回归都市，化身小保镖，守护在美女总裁的身边。
闲来时调戏调戏公司里的小妹妹，有事的时候踩一踩骚扰美女总裁的装逼富二代！
但楚云很苦恼的发现，就算他只是一名小支援却依旧桃花运接连不断。
好吧，为了保护好那些妹子们的安全，楚云只能让自己成为了这个世界上最风骚最强大的超级保镖！
我的美女总裁老婆是作者""大红凶罩""倾力创作的都市小说,在恒言中文网首发,提供最新章节无弹窗广告阅读,请支持原创正版。
粤ICP备20022615号-1
桂B2-20130025
提供都市小说、言情小说等好看的小说在线阅读，最新小说免费下载
Copyright©2014 www.hengyan.com All Rights Reserved
","合租,猥琐,保镖",都市
15,我的双胞胎老婆,1612977,"在路边摆摊的算命先生李凌枫奉命与美女总裁柳诗音结婚，火爆小姨柳诗韵却横插一脚。
这两人一个冷若冰山，一人热情似火。
为了与柳诗音探讨人生，神棍猪脚混进美女如云的公司。
当身边出现形形色色美女时，李凌枫嚣张的说道：诗音，你今晚再不答应和我洞房，就别怪我红杏出墙，不是我风流，而是她们太下流！
我的双胞胎老婆是作者""伪神""倾力创作的都市小说,在恒言中文网首发,提供最新章节无弹窗广告阅读,请支持原创正版。
粤ICP备20022615号-1
桂B2-20130025
提供都市小说、言情小说等好看的小说在线阅读，最新小说免费下载
Copyright©2014 www.hengyan.com All Rights Reserved
","猥琐,搞笑,同居",都市
16,特种兵痞在都市,1463478,"刁蛮大小姐胸好痛，让他来揉揉。
性感小妹没安全感，想跟他合租。
冷艳女总裁还是处，能来一次么？
哎呀…真是忙不过来，都别急，都躺床上去，乖乖排好队，让我来一一为你们服务。
且看超级兵王回归都市，如何左拥右抱，笑傲花丛！
特种兵痞在都市是作者""忘记""倾力创作的都市小说,在恒言中文网首发,提供最新章节无弹窗广告阅读,请支持原创正版。
粤ICP备20022615号-1
桂B2-20130025
提供都市小说、言情小说等好看的小说在线阅读，最新小说免费下载
Copyright©2014 www.hengyan.com All Rights Reserved
","暧昧,纨绔,世家,同居,腹黑",都市
17,都市修真强少,1308132,"叶辰，一个身负亡宗之仇的丹药宗师，逆天重生在同名的纨绔大少之身。
重掌神秘黑鼎，身修焚天道诀，修真路，昔日仇，他热血高歌。
英雄行，美女伴，他许她一世柔情，她伴他血染苍穹。
且看叶辰如何创下热血传奇！
都市修真强少是作者""坤境""倾力创作的都市小说,在恒言中文网首发,提供最新章节无弹窗广告阅读,请支持原创正版。
粤ICP备20022615号-1
桂B2-20130025
提供都市小说、言情小说等好看的小说在线阅读，最新小说免费下载
Copyright©2014 www.hengyan.com All Rights Reserved
","纨绔,奇遇,热血,复仇",都市
18,顶级强少,1046858,"他坚信坏蛋只有一个，混蛋却可以成群。
他不是天上的神，却是每个男人心目中的神！因为他纵意百花丛中，可以怀抱极品小萝莉，手牵靓丽清纯女，后跟妖娆火辣妹！
他纷繁红尘都市中他自诩貌胜潘安，文胜唐伯虎，武胜李小龙，智超诸葛亮……
他立志不做国之栋梁，只忠于成为都市逍遥风流顶级的坏蛋！
他横行都市，霸气外泄！
他就是小说主人公———...
顶级强少是作者""悲情周少""倾力创作的都市小说,在恒言中文网首发,提供最新章节无弹窗广告阅读,请支持原创正版。
粤ICP备20022615号-1
桂B2-20130025
提供都市小说、言情小说等好看的小说在线阅读，最新小说免费下载
Copyright©2014 www.hengyan.com All Rights Reserved
","暧昧,热血,YY,复仇,扮猪吃老虎,激情",都市
19,校花的贴身高手,1008563,"杀手界王者寻找未婚妻回归都市，当保镖，保护校花，拳打富二代，脚踢太子党，泡极品美妞！史上最牛的保镖出现了。

校花的贴身高手是作者""仔姜肉丝""倾力创作的都市小说,在恒言中文网首发,提供最新章节无弹窗广告阅读,请支持原创正版。
粤ICP备20022615号-1
桂B2-20130025
提供都市小说、言情小说等好看的小说在线阅读，最新小说免费下载
Copyright©2014 www.hengyan.com All Rights Reserved
","杀手,暧昧,热血,同居,扮猪吃老虎",都市
20,修真大少在都市,987172,"他是美女的护身高手，同时也是最伟大的驱魔师。
周身围绕十大名器,护士、女警、教师、空姐、应有尽有。
都赞美他是神仙的化身,真相只有一个:他是诸葛后人诸葛宇。
我本俗人，却钓美无数！
修真大少在都市是作者""释心""倾力创作的都市小说,在恒言中文网首发,提供最新章节无弹窗广告阅读,请支持原创正版。
粤ICP备20022615号-1
桂B2-20130025
提供都市小说、言情小说等好看的小说在线阅读，最新小说免费下载
Copyright©2014 www.hengyan.com All Rights Reserved
","热血,搞笑,炼丹,机甲,阵法,三国",都市
21,绝品弃少,981670,"家族认为他是废材，抛弃他。
数年后，他脚踏无数之之上，他站在高高顶峰，成为都市九五之尊。
莺歌围绕，佳人如群，刀光剑影，再无安宁，他是翱翔九天的都市帝王！
绝品弃少是作者""洋葱""倾力创作的都市小说,在恒言中文网首发,提供最新章节无弹窗广告阅读,请支持原创正版。
粤ICP备20022615号-1
桂B2-20130025
提供都市小说、言情小说等好看的小说在线阅读，最新小说免费下载
Copyright©2014 www.hengyan.com All Rights Reserved
","重生,热血,张扬,学生,搞笑",都市
22,护花神兵,978605,"第一杀手很厉害吗？在他林城面前什么都不是。
第一神医医术高超吗？在他林城面前只是一个小弟。
第一兵王很牛吗？在他林城眼前也不过只是一只跳梁小丑罢了。
这天下间没有他不会的，只有他不想做的，万年不出的天才，笑傲都市。
欢迎兄弟姐妹们，加入「天医阁」，书友群群号码：390231696
护花神兵是作者""鸡飞蛋打""倾力创作的都市小说,在恒言中文网首发,提供最新章节无弹窗广告阅读,请支持原创正版。
粤ICP备20022615号-1
桂B2-20130025
提供都市小说、言情小说等好看的小说在线阅读，最新小说免费下载
Copyright©2014 www.hengyan.com All Rights Reserved
","兵王,医生,保镖,合租,杀手",都市
23,超级神算,949492,"屌丝男冰天一家庭普通，从高中到大学，被人当做是天大的笑话，心中的女神玩他，两肋插刀的兄弟背叛他，父母更是对他失望透顶。
大学毕业成了无业游民，父母在外摆摊和地下势力大哥顶撞被杀，走上绝路的冰天一，只能投河自尽……
无意中时间逆转，回到高中时期凭借对未来几年的形势了解，在加神秘禅师相助，冰天一的人生也发生了天大的变化。
超级神算是作者""浑蛋""倾力创作的都市小说,在恒言中文网首发,提供最新章节无弹窗广告阅读,请支持原创正版。
粤ICP备20022615号-1
桂B2-20130025
提供都市小说、言情小说等好看的小说在线阅读，最新小说免费下载
Copyright©2014 www.hengyan.com All Rights Reserved
","热血,暧昧,激情,奇遇",都市
24,捡个老婆来双修,928440,"一位刚被女朋友甩了的高中生，意外得到了来自修罗界的传承成为修真者，开启了一段暧昧与激情并存的修真之路。
修仙，亦能把妹。
修仙，亦能踩人。
修仙，亦能富贵。
看少年纵横花都，血洗天庭，造就传奇人生，左拥右抱，天下无双。
捡个老婆来双修是作者""天堂醉易""倾力创作的都市小说,在恒言中文网首发,提供最新章节无弹窗广告阅读,请支持原创正版。
粤ICP备20022615号-1
桂B2-20130025
提供都市小说、言情小说等好看的小说在线阅读，最新小说免费下载
Copyright©2014 www.hengyan.com All Rights Reserved
","暧昧,后宫,同居,扮猪吃老虎",都市
25,神医弃少,867127,"清朝御医李沐阳重生在现代一个植物人身上，成为豪门弃少龙少天。
重生后的龙少天，犹如伐毛洗髓，脱胎换骨，“天龙眼”开启，让他如虎添翼！
看病时，不再用传统的把脉；“天龙眼”让疾病无处遁形！
对待穷凶极恶的敌人，“天龙眼”瞬间斩杀于无形！
从而开启了漫长的济世救人和猎艳之旅！！！

神医弃少是作者""莫枫""倾力创作的都市小说,在恒言中文网首发,提供最新章节无弹窗广告阅读,请支持原创正版。
粤ICP备20022615号-1
桂B2-20130025
提供都市小说、言情小说等好看的小说在线阅读，最新小说免费下载
Copyright©2014 www.hengyan.com All Rights Reserved
","重生,暧昧,魔法,激情,穿越",都市
26,火爆兵王,840317,"“警花姐姐，爱上我就大声告诉我。”
“护士老婆，我有更大更粗的针，要扎一下吗？”
“三婶，我们生个孩子吧。”
最神秘的特种兵王强势回归，他是杜飞。
火爆兵王是作者""执笔不悔""倾力创作的都市小说,在恒言中文网首发,提供最新章节无弹窗广告阅读,请支持原创正版。
粤ICP备20022615号-1
桂B2-20130025
提供都市小说、言情小说等好看的小说在线阅读，最新小说免费下载
Copyright©2014 www.hengyan.com All Rights Reserved
","暧昧,热血,YY,搞笑,扮猪吃老虎,兵王",都市
27,桃运鉴宝师,839513,"他是名扬国际的武学宗师，极限武道，纵横都市；
他是温文尔雅的鉴宝大师，赌石赏画，笔墨走蛇；
他是鼎鼎大名的玄门宗师，能断风水，善察吉凶；
他更是医道圣手，侦察之王，投资奇才!
他便是陈奇，因机缘巧合之下，得到祖传宝贝，从此遍阅世间美人，傲视天下！

桃运鉴宝师是作者""奇少""倾力创作的都市小说,在恒言中文网首发,提供最新章节无弹窗广告阅读,请支持原创正版。
粤ICP备20022615号-1
桂B2-20130025
提供都市小说、言情小说等好看的小说在线阅读，最新小说免费下载
Copyright©2014 www.hengyan.com All Rights Reserved
","同居,扮猪吃老虎,搞笑,热血,奇遇",都市
28,神级强者在校园,836016,"叶辰本是天界的虚空大帝，但在渡劫飞升时，意外被卷入到了时空乱流当中。
也许是天道眷顾重生都市，从此一个个美妙绝伦的女人接踵而来，展开一段翻手为云、覆手为雨，笑看风云的都市校园传奇！

神级强者在校园是作者""失人""倾力创作的都市小说,在恒言中文网首发,提供最新章节无弹窗广告阅读,请支持原创正版。
粤ICP备20022615号-1
桂B2-20130025
提供都市小说、言情小说等好看的小说在线阅读，最新小说免费下载
Copyright©2014 www.hengyan.com All Rights Reserved
","暧昧,热血,学生",都市
29,超级透视眼,824300,"系统在手，透视我有！
师范学院的郑经巧遇高人指点，奇妙的被装上了猥琐的系统，竟然能透视？从此游戏升级、赌石经商、行医升官……系统无所不能，在猥琐中强大，在强大中更猥琐，女神，我来了！

超级透视眼是作者""丛文天下""倾力创作的都市小说,在恒言中文网首发,提供最新章节无弹窗广告阅读,请支持原创正版。
粤ICP备20022615号-1
桂B2-20130025
提供都市小说、言情小说等好看的小说在线阅读，最新小说免费下载
Copyright©2014 www.hengyan.com All Rights Reserved
","暧昧,猥琐,搞笑,激情,YY",都市
30,最强民工混都市,789521,"为替父筹钱治病，王小民毅然放弃学业，来到繁华都市，成为一名小小的农民工。
但一个钻进手心的神奇蜂巢，却令他命运逆转，从而开启一段精彩绝伦，激情热血的都市人生。
我是身份卑微的农民工，但全世界的人都在仰视我，因为我是最强的。
我将农民工这个词汇，诠释成最高贵的职业，我以农民工这个身份而自豪！
最强民工混都市是作者""风度犹存""倾力创作的都市小说,在恒言中文网首发,提供最新章节无弹窗广告阅读,请支持原创正版。
粤ICP备20022615号-1
桂B2-20130025
提供都市小说、言情小说等好看的小说在线阅读，最新小说免费下载
Copyright©2014 www.hengyan.com All Rights Reserved
","保镖,暧昧,同居,励志,青春",都市
31,最强保镖混都市,692365,"风流而不下流的游走在花花世界中，群芳环绕，纵意花丛。
他是隐没门派的传承弟子，拥有一身超强古武。锄强扶弱是他的本性，救死扶伤是他的风格。
在敌人眼中，他巧舌如簧，阴险狡诈，是个无耻到极点的卑鄙小人；在世人眼中，他博学多才，仁爱善良，是个心怀天下的奇才。
而在女人眼中，他帅气，阳光，是所有女人为之疯狂的情人！
忘记2015全新力作，请多多支持！
最强保镖混都市是作者""忘记""倾力创作的都市小说,在恒言中文网首发,提供最新章节无弹窗广告阅读,请支持原创正版。
粤ICP备20022615号-1
桂B2-20130025
提供都市小说、言情小说等好看的小说在线阅读，最新小说免费下载
Copyright©2014 www.hengyan.com All Rights Reserved
","学生,扮猪吃老虎,冤家,保镖",都市
32,我和美女上司老婆,680179,"望、闻、问、切，哥看得不是病，是寂寞。
特种军医再临都市，是高手当中的高手，同时身藏医家秘典！
萝莉、少妇、OL、空姐，哥玩得不是花心，是欣赏。
畅游都市，花丛中任意往来，不要崇拜哥，哥不只是个传说！
我和美女上司老婆是作者""拉兹之歌""倾力创作的都市小说,在恒言中文网首发,提供最新章节无弹窗广告阅读,请支持原创正版。
粤ICP备20022615号-1
桂B2-20130025
提供都市小说、言情小说等好看的小说在线阅读，最新小说免费下载
Copyright©2014 www.hengyan.com All Rights Reserved
","YY,同居,爽文",都市
33,超级保安,678583,"他隐瞒身份，悄悄的隐居在一栋公寓之中…… 但是，命运弄人。他租住的地方，居然居住着四位性格各异，却又嫉恶如仇的俏佳人。
上帝创造少女，男人制造妇女，游历于群美众香之中，他到底该如何选择？
看小小保安如何在都市扮猪吃虎，花间逍遥，闯出一片新天地！本书超级YY，不看实在遗憾！
超级保安是作者""充电宝""倾力创作的都市小说,在恒言中文网首发,提供最新章节无弹窗广告阅读,请支持原创正版。
粤ICP备20022615号-1
桂B2-20130025
提供都市小说、言情小说等好看的小说在线阅读，最新小说免费下载
Copyright©2014 www.hengyan.com All Rights Reserved
",暂无,都市
34,极品神医在都市,650285,"许逸特种部队首席军医，又是令人闻风丧胆的特种兵王。
因为偷看禁法遭到反噬，本来命不久矣，却在阴差阳错下混进医院成为一名妇科实习生，在危难中他数次救险，屡立奇功，不仅在杏林中声名鹊起，更是获得了无数美女的青睐…
看医流高手纵横花都，巅峰医术换来美女无数的巅峰人生……
极品神医在都市是作者""大盘鸡""倾力创作的都市小说,在恒言中文网首发,提供最新章节无弹窗广告阅读,请支持原创正版。
粤ICP备20022615号-1
桂B2-20130025
提供都市小说、言情小说等好看的小说在线阅读，最新小说免费下载
Copyright©2014 www.hengyan.com All Rights Reserved
","暧昧,世家,热血,YY,合租",都市
35,特种仙医,601281,"一次意外，让叶秋借尸还魂了。
世界还是那么一个世界，人还是那么一个人，但生活的味道却是变了不少。
生前军医，生后大夫，也算是人尽其才。
重生同一个世界的他，立下志愿，装逼全世界，打脸全地球。
特种仙医是作者""星月散人""倾力创作的都市小说,在恒言中文网首发,提供最新章节无弹窗广告阅读,请支持原创正版。
粤ICP备20022615号-1
桂B2-20130025
提供都市小说、言情小说等好看的小说在线阅读，最新小说免费下载
Copyright©2014 www.hengyan.com All Rights Reserved
","医生,重生,暧昧,纨绔,扮猪吃老虎",都市
36,美女的功夫神医,589175,"一个只知道占便宜的好色神医，绝不肯吃亏的奇葩男人，而且还是一个无良的大色狼，在他的思想里，就是想要娶很多很多的漂亮老婆。
在被自己的师傅，一个同样无耻下流的老头赶下山之后，在一次撞车之中遇到了一对性感美丽漂亮的姐妹花，就这样发生了一系列的故事，却成就了胡言的热血一生，过着幸福刺激的生活。
美女的功夫神医是作者""都市小少""倾力创作的都市小说,在恒言中文网首发,提供最新章节无弹窗广告阅读,请支持原创正版。
粤ICP备20022615号-1
桂B2-20130025
提供都市小说、言情小说等好看的小说在线阅读，最新小说免费下载
Copyright©2014 www.hengyan.com All Rights Reserved
","暧昧,YY,猥琐,同居,医生",都市
37,护花圣医,576982,"一个小小医师却是身怀起死回生之术，一枚小小银针却能去除百病。他很普通，身边却美女如云，诱惑不断。 一切只源于他可以从死神手中夺命，在阎王手中收魂。 只因，一针千金，一方难求。
护花圣医是作者""追求潇洒""倾力创作的都市小说,在恒言中文网首发,提供最新章节无弹窗广告阅读,请支持原创正版。
粤ICP备20022615号-1
桂B2-20130025
提供都市小说、言情小说等好看的小说在线阅读，最新小说免费下载
Copyright©2014 www.hengyan.com All Rights Reserved
","热血,医生,扮猪吃老虎,暧昧",都市
38,绝色老板娘,544976,"一身牛逼医术继承者林一凡，只身来到西北城，和豆腐坊的老板娘打情骂俏。
但是为了学费，不得不去酒吧打工，却偶遇极品女BOSS投怀送抱！
这还得了！而之后的日子里，凭借医术超凡的他让熟女，辣妹个个主动投怀送抱......
绝色老板娘是作者""圣唐天""倾力创作的都市小说,在恒言中文网首发,提供最新章节无弹窗广告阅读,请支持原创正版。
粤ICP备20022615号-1
桂B2-20130025
提供都市小说、言情小说等好看的小说在线阅读，最新小说免费下载
Copyright©2014 www.hengyan.com All Rights Reserved
","暧昧,后宫,热血,扮猪吃老虎",都市
39,神级杀手在都市,512828,"世界顶级杀手唐林，历尽惊险与繁华之后，突然接到保护未婚妻的任务。
这保镖工作可真不好做，要会飙车，懂喝茶，斗得过纨绔，躲得了暗杀。不过对于全能杀手的唐林来说，这些都是小儿科。
可是，当美女大小姐突然倾心，大明星硬倒贴，漂亮警花天天跟踪的时候，唐林才发现，原来要做个普通人，也不是那么容易啊！
神级杀手在都市是作者""五公子""倾力创作的都市小说,在恒言中文网首发,提供最新章节无弹窗广告阅读,请支持原创正版。
粤ICP备20022615号-1
桂B2-20130025
提供都市小说、言情小说等好看的小说在线阅读，最新小说免费下载
Copyright©2014 www.hengyan.com All Rights Reserved
","杀手,暧昧,热血",都市
40,护花高手在都市,494590,"平凡小修士意外穿越，来到繁华都市， 这里没有修真者，更没有大神，这说明什么？
杨宇嘿嘿地偷笑：“这说明，我是唯一会修真的人！”

护花高手在都市是作者""晓言""倾力创作的都市小说,在恒言中文网首发,提供最新章节无弹窗广告阅读,请支持原创正版。
粤ICP备20022615号-1
桂B2-20130025
提供都市小说、言情小说等好看的小说在线阅读，最新小说免费下载
Copyright©2014 www.hengyan.com All Rights Reserved
","暧昧,热血,YY,励志,医生",都市
41,乡村高手在都市,492127,"乡村小子叶枫，无意间得到一本武林秘籍，从此之后金钟罩铁布衫、无影脚、一阳指……那些只有武侠小说里才有的功夫，他全都会！
身怀绝技的他，走出大山，混迹都市！
仗着有武功，他是打得了流氓，斗得了恶匪；怀抱众女，却依旧纵意花丛……
乡村高手在都市是作者""悲情周少""倾力创作的都市小说,在恒言中文网首发,提供最新章节无弹窗广告阅读,请支持原创正版。
粤ICP备20022615号-1
桂B2-20130025
提供都市小说、言情小说等好看的小说在线阅读，最新小说免费下载
Copyright©2014 www.hengyan.com All Rights Reserved
","热血,张扬,扮猪吃老虎,搞笑",都市
42,全能车神,490997,"这是一个讲述汽车的故事，这是一个讲述机械原理的故事。
在这里，有速度与激情，有热血，有妹纸，有装逼。
破国际间碟、帮警察破案、到缅甸赌石、美墨边竟飙车，样样都少不了我全能车神。

全能车神是作者""贱尊""倾力创作的都市小说,在恒言中文网首发,提供最新章节无弹窗广告阅读,请支持原创正版。
粤ICP备20022615号-1
桂B2-20130025
提供都市小说、言情小说等好看的小说在线阅读，最新小说免费下载
Copyright©2014 www.hengyan.com All Rights Reserved
","暧昧,激情,腹黑,扮猪吃老虎,奇遇",都市
43,都市之超级杀神,484059,"修真少年罗成只身来到繁华都市打拼，乐观上进，不向命运低头。
随着《真龙天地决》的修炼日益强大，罗成从此开始了一段逍遥人生！数不尽的奇珍异宝、品不完世间百味、理不清儿女情长，异能无双都市纵横，古武玄奇叱咤风云……
一样的精彩，谱写出不一样的都市传奇。
都市之超级杀神是作者""大器晚成""倾力创作的都市小说,在恒言中文网首发,提供最新章节无弹窗广告阅读,请支持原创正版。
粤ICP备20022615号-1
桂B2-20130025
提供都市小说、言情小说等好看的小说在线阅读，最新小说免费下载
Copyright©2014 www.hengyan.com All Rights Reserved
","暧昧,争霸,杀手",都市
44,顶级兵王,432309,"他是部队精英，兵王之王！
临危授命重返都市，从此一个妖孽般的男人诞生了！
他追警花，斗恶霸，纵横花都妻妾成群！
修古武，灭黑道，横扫八方踏上巅峰！
顶级兵王是作者""一招半式闯江湖""倾力创作的都市小说,在恒言中文网首发,提供最新章节无弹窗广告阅读,请支持原创正版。
粤ICP备20022615号-1
桂B2-20130025
提供都市小说、言情小说等好看的小说在线阅读，最新小说免费下载
Copyright©2014 www.hengyan.com All Rights Reserved
","热血,暧昧",都市
45,美女总裁的贴身小和尚,426577,"他本是佛门弟子，回归都市，冷艳女总裁，温柔小秘书，妩媚女助理，萝莉高中生，制服小护士，性感女明星，一一跳进他的碗里。
我本一心向佛，奈何桃运连连。
美女总裁的贴身小和尚是作者""诡医""倾力创作的都市小说,在恒言中文网首发,提供最新章节无弹窗广告阅读,请支持原创正版。
粤ICP备20022615号-1
桂B2-20130025
提供都市小说、言情小说等好看的小说在线阅读，最新小说免费下载
Copyright©2014 www.hengyan.com All Rights Reserved
",暂无,都市
46,狂暴医王,424453,"为了找回祖传的《二十九路银针》，叶小山义无反顾的闯进了大都市，誓死要夺回叶家医书，哪怕是把整个城市搅了个底朝天。
凭借着超乎常人的中医术，逐渐站稳脚跟，慢慢夺回祖传之宝，却发现自己被卷入了一场又一场的阴谋之中。
为了自保也为心爱之人，叶小天果断的亮出了他锋利的爪牙。无数个性鲜明的女人粉墨登场。妖媚的、可爱的、优雅的、端庄的。

狂暴医王是作者""海洋之心""倾力创作的都市小说,在恒言中文网首发,提供最新章节无弹窗广告阅读,请支持原创正版。
粤ICP备20022615号-1
桂B2-20130025
提供都市小说、言情小说等好看的小说在线阅读，最新小说免费下载
Copyright©2014 www.hengyan.com All Rights Reserved
","医生,暧昧",都市
47,最强兵王,396688,"被战友小看，被女人退婚，被家族抛弃！
他怒了：既然你们咄咄相逼，也罢，那就让整个世界为我颤抖吧！

最强兵王是作者""温火""倾力创作的都市小说,在恒言中文网首发,提供最新章节无弹窗广告阅读,请支持原创正版。
粤ICP备20022615号-1
桂B2-20130025
提供都市小说、言情小说等好看的小说在线阅读，最新小说免费下载
Copyright©2014 www.hengyan.com All Rights Reserved
","杀手,争霸,热血,军人,激情,温火",都市
48,我的23岁女房客,393391,"老婆不止一个？有萌妹子般的情人，女警仆人；
抱着御姐一样的美女；搂着黑社会靓丽的一姐；
我读书少，你不要骗我；
我就是我，不一样的烟火；
书友群：216269972，期待你的到来，爆料更多！
我的23岁女房客是作者""痞子易""倾力创作的都市小说,在恒言中文网首发,提供最新章节无弹窗广告阅读,请支持原创正版。
粤ICP备20022615号-1
桂B2-20130025
提供都市小说、言情小说等好看的小说在线阅读，最新小说免费下载
Copyright©2014 www.hengyan.com All Rights Reserved
","合租,暧昧,同居,激情,迷情",都市
49,都市白起,390627,"一代杀神白起，被迫自杀之后穿越到现代大都市。
在这里，他是遗体化妆师，妙手仁术，完美逝者；
在这里，他是古武至尊，幕后行侠，覆雨翻云；
在这里，他是玄道高手，鬼魅邪异，无所遁形；
在这里，他是看似普通的青年，是可以性命相交的伙伴，同时，更是叱咤风云的巅峰强者！
且看昔日凶名赫赫一代人屠，如何在新的都市里，舞出轰轰烈烈的精彩的...
都市白起是作者""落叶非殇""倾力创作的都市小说,在恒言中文网首发,提供最新章节无弹窗广告阅读,请支持原创正版。
粤ICP备20022615号-1
桂B2-20130025
提供都市小说、言情小说等好看的小说在线阅读，最新小说免费下载
Copyright©2014 www.hengyan.com All Rights Reserved
",暂无,都市
50,女总裁的贴身护卫,386856,"曾被扫地出门的神秘猪脚，在消失十年之后重新归来，本想安安静静的生活，却不想卷进了地下世界争斗之中。
妖娆火爆的大姐头，冷若冰霜的绝美杀手，高冷骄纵的妖孽大小姐，聪慧睿智的美女上司，含情脉脉的俏校花纷纷闯进了他的生活之中……
且看极品高手纵横都市，如何携带众美在华夏翻江倒海，风生水起！
女总裁的贴身护卫是作者""月夜孤藤""倾力创作的都市小说,在恒言中文网首发,提供最新章节无弹窗广告阅读,请支持原创正版。
粤ICP备20022615号-1
桂B2-20130025
提供都市小说、言情小说等好看的小说在线阅读，最新小说免费下载
Copyright©2014 www.hengyan.com All Rights Reserved
","暧昧,同居,猥琐,YY",都市
51,医道天王,385076,"一次车祸，世界排名前十的著名外科医生高刚的灵魂从2200年穿越到2010年，依附在一位同名同姓的县级医院小医生身上。
世界卫生组织首席专家？哥我不稀罕！
一千万美元？对不起，还请不动哥我亲自为你做一个手术。
美女？哥随手可得。
世界自我有，一切任纵横！

医道天王是作者""石头医生""倾力创作的都市小说,在恒言中文网首发,提供最新章节无弹窗广告阅读,请支持原创正版。
粤ICP备20022615号-1
桂B2-20130025
提供都市小说、言情小说等好看的小说在线阅读，最新小说免费下载
Copyright©2014 www.hengyan.com All Rights Reserved
","医生,暧昧,张扬,技术流,激情",都市
52,大巫医,383557,"巫门六术：医、毒、蛊、咒、符、控，精其一者可称尊，集大成于一身者谓之神！
大巫医是作者""道左""倾力创作的都市小说,在恒言中文网首发,提供最新章节无弹窗广告阅读,请支持原创正版。
粤ICP备20022615号-1
桂B2-20130025
提供都市小说、言情小说等好看的小说在线阅读，最新小说免费下载
Copyright©2014 www.hengyan.com All Rights Reserved
","奇遇,YY,扮猪吃老虎,医生,爽文,巫术",都市
53,近身兵王,377849,"绝品兵王李爽回归都市，再续强者传奇，成为各色美女的近身高手！
妖娆女上司，火辣大明星，冷艳女特工，娇媚人妇……各色美女纷至沓来，桃运不断，暧昧连连！
一段精彩嚣张热血霸道的男人故事，就此展开！
【新书启程，恳请大家多多支持！】
近身兵王是作者""有熊氏""倾力创作的都市小说,在恒言中文网首发,提供最新章节无弹窗广告阅读,请支持原创正版。
粤ICP备20022615号-1
桂B2-20130025
提供都市小说、言情小说等好看的小说在线阅读，最新小说免费下载
Copyright©2014 www.hengyan.com All Rights Reserved
","暧昧,纨绔,扮猪吃老虎",都市
54,近身狂少,368122,"神秘高手华安携风云之势强势回归，掀起一场场腥风血雨，是为兄弟两肋插刀，肝胆相照，还是与爱人携手并肩，白头偕老？
好男儿，当顶天立地，无愧于心，以我本性，快意恩仇，以我之拳，登顶绝巅！
高冷女同事变傲娇，绝美萝莉也纯情，妖娆御姐太亲睐，万千女人随我来！
我本天生俗人，却桃运不断！

近身狂少是作者""养个老婆生个孩子""倾力创作的都市小说,在恒言中文网首发,提供最新章节无弹窗广告阅读,请支持原创正版。
粤ICP备20022615号-1
桂B2-20130025
提供都市小说、言情小说等好看的小说在线阅读，最新小说免费下载
Copyright©2014 www.hengyan.com All Rights Reserved
","扮猪吃老虎,爽文",都市
55,超能造型师,363934,"神兵现世，王者再临！
理发师秦浪身负万能修复术，他才华横溢，打造绝美明星！
他手持利器，踩人复仇，重回巅峰！
给千金小姐理头，为美女明星造型，看秦浪如何从理发师成为全民男神！
超能造型师是作者""如渔得水""倾力创作的都市小说,在恒言中文网首发,提供最新章节无弹窗广告阅读,请支持原创正版。
粤ICP备20022615号-1
桂B2-20130025
提供都市小说、言情小说等好看的小说在线阅读，最新小说免费下载
Copyright©2014 www.hengyan.com All Rights Reserved
","热血,兵王,搞笑,复仇",都市
56,哥们的那些年,335996,"年少轻狂，只为追求理想。
豪情万丈，只为缔造辉煌。
携手并进，誓言创造奇迹。
不离不弃，患难生死与共。
天涯海角，相拥天长地久。
无毒不丈夫。有志纵天行。
哥们的那些年是作者""流星血石""倾力创作的都市小说,在恒言中文网首发,提供最新章节无弹窗广告阅读,请支持原创正版。
粤ICP备20022615号-1
桂B2-20130025
提供都市小说、言情小说等好看的小说在线阅读，最新小说免费下载
Copyright©2014 www.hengyan.com All Rights Reserved
","争霸,热血,青春,护短,铁血,黑道",都市
57,校花老婆爱上我,332114,"会点小武功，懂点小医术，有点不要脸，少年易天来到大都市充当校花保镖。
当寂寞的世界出现清纯小萝莉，娇蛮警花，白领丽人，妩媚大明星等诸多美女，不断的擦出火花，暧昧丛生，他能否守身如玉，继续纯洁……
“只要技术使得好，没有美女推不倒！”——易天
校花老婆爱上我是作者""谷阳""倾力创作的都市小说,在恒言中文网首发,提供最新章节无弹窗广告阅读,请支持原创正版。
粤ICP备20022615号-1
桂B2-20130025
提供都市小说、言情小说等好看的小说在线阅读，最新小说免费下载
Copyright©2014 www.hengyan.com All Rights Reserved
","暧昧,热血,YY",都市
58,无良神医,320760,"豪门大少被扫地出门，销声匿迹几年后，逆天强者强势回归都市，再度掀起血雨腥风！
萝莉御姐嫌胸小，熟妇贵妇想丰满，明星总裁多疲劳……没关系，让我一针再一针，统统给你们治愈！
简单粗暴是我的行事艺术，不服就干是我的生活态度！看顶级狂少如何纵横都市，书写属于他的神医传奇！
这是一部极爽极热血的书！
这是男人必看的泡妞秘籍！
无良神医是作者""风四娘""倾力创作的都市小说,在恒言中文网首发,提供最新章节无弹窗广告阅读,请支持原创正版。
粤ICP备20022615号-1
桂B2-20130025
提供都市小说、言情小说等好看的小说在线阅读，最新小说免费下载
Copyright©2014 www.hengyan.com All Rights Reserved
","暧昧,热血,YY,医生,爽文",都市
59,全能金手指,317489,"高中生意外之下使得右手五根手指变异，从此身具各种异能，考试满分，刮刮乐必中，控制金属，分分秒变推拿高手，医生，学霸，且看如何在都市里掀起怎样的风浪。
全能金手指是作者""孤海""倾力创作的都市小说,在恒言中文网首发,提供最新章节无弹窗广告阅读,请支持原创正版。
粤ICP备20022615号-1
桂B2-20130025
提供都市小说、言情小说等好看的小说在线阅读，最新小说免费下载
Copyright©2014 www.hengyan.com All Rights Reserved
","奇遇,学生,暧昧,医生,保镖",都市
60,最强民工,313257,"为了挣钱娶老婆，平凡青年马川纵横大都市，开启了一段民工妖孽的都市传奇。
高冷女老板、妩媚警花、开放女明星、娇俏萝莉、风情御姐，各式各样的美女缠身，秀色袭人，他该如何抉择？
马川谨记老妈的教诲，做一个新时代的好男人：上得了厅堂，下得了厨房，杀得了敌人，睡得了娇娘。
最强民工是作者""凿壁偷光""倾力创作的都市小说,在恒言中文网首发,提供最新章节无弹窗广告阅读,请支持原创正版。
粤ICP备20022615号-1
桂B2-20130025
提供都市小说、言情小说等好看的小说在线阅读，最新小说免费下载
Copyright©2014 www.hengyan.com All Rights Reserved
","暧昧,热血,猥琐,搞笑,同居",都市
61,天才神医在都市,291783,"他是极品无敌大神医！开服药就治好了病，扎下针就治好了腰，吹口气就美好了容。
乡野少年来到都市，夜遇醉酒美妇，翻墙入室到长腿御姐房里，偷看老板娘沐浴，还和妩媚大明星暧昧不断。
但木秀于林风必摧之，正邪两道都有人要置他于死地！！
男人的世界胜者为王，面对挑战，他只有问鼎天下，站到世界的巅峰，将对手一个个踩在脚下！
天才神医在都市是作者""流浪猫""倾力创作的都市小说,在恒言中文网首发,提供最新章节无弹窗广告阅读,请支持原创正版。
粤ICP备20022615号-1
桂B2-20130025
提供都市小说、言情小说等好看的小说在线阅读，最新小说免费下载
Copyright©2014 www.hengyan.com All Rights Reserved
","暧昧,热血,YY,医生,扮猪吃老虎",都市
62,嗜血乞丐,290839,"在年幼的时候我被拐卖到了外地，打折了一条腿，被迫要饭...偶然间我被一个丧心病狂的娘们给咬了...
从此我的身体发生了翻天覆地巨大的变化..我的视觉嗅觉和听觉变得异常的灵敏..身手如同鬼魅一般...
但是我惧怕阳光，白天只能蜷缩在黑暗里发抖...
...只是到了晚上....我唯一确定的是.......我只渴望鲜血！
嗜血乞丐是作者""泠菀书生""倾力创作的都市小说,在恒言中文网首发,提供最新章节无弹窗广告阅读,请支持原创正版。
粤ICP备20022615号-1
桂B2-20130025
提供都市小说、言情小说等好看的小说在线阅读，最新小说免费下载
Copyright©2014 www.hengyan.com All Rights Reserved
","YY,猥琐,搞笑,血族,爽文,魔幻",都市
63,农民工异界游,278606,"农民工高进被一把古剑打晕，醒来后竟发现自己来到了异世界。
手握古剑轻松练功，搬砖炼丹牛逼哄哄；用民工的土鳖方式，异界修炼、升级打怪！
美女药师、绝色郡主、倾国公主统统收了；万里山河、无上王座、只有老子能坐！
最强民工、异世争霸！

农民工异界游是作者""姑苏慕容""倾力创作的都市小说,在恒言中文网首发,提供最新章节无弹窗广告阅读,请支持原创正版。
粤ICP备20022615号-1
桂B2-20130025
提供都市小说、言情小说等好看的小说在线阅读，最新小说免费下载
Copyright©2014 www.hengyan.com All Rights Reserved
","军人,励志,扮猪吃老虎,铁血",都市
64,绝品仙医,258686,"美女如云的花都女子学校，突然间来了一个男校医，二十岁的穷屌丝，逆袭成功，将校花、老师、警花等等美女一个个收服，在这物欲横流的世界建立属于自己的王国。
群花萦绕，倾国倾城，当楚天舒站在这个世界巅峰的时候，却惊骇的发现一个埋藏的绝大秘密，正逐渐浮出水面……
绝品仙医是作者""风光不再""倾力创作的都市小说,在恒言中文网首发,提供最新章节无弹窗广告阅读,请支持原创正版。
粤ICP备20022615号-1
桂B2-20130025
提供都市小说、言情小说等好看的小说在线阅读，最新小说免费下载
Copyright©2014 www.hengyan.com All Rights Reserved
","暧昧,热血,猥琐,老师,激情",都市
65,最爱极品美女,253531,"他自出生就被弃于荒山，被师父所救，修习驭龙诀。
他自小就励志泡进天下美女。苍井空、泷泽萝拉啊什么的不在话下。
他得到美女老师、极品萝莉、成熟御姐、暴力警花等众多MM倾心。
当有一天处于死亡边缘，脖颈上的吊坠救了他并赋予他无限的力量时他才知道自己这一身的责任有多重。
他邪魅
他花心但不滥情
他张狂但有实力
最爱极品美女是作者""斗鱼""倾力创作的都市小说,在恒言中文网首发,提供最新章节无弹窗广告阅读,请支持原创正版。
粤ICP备20022615号-1
桂B2-20130025
提供都市小说、言情小说等好看的小说在线阅读，最新小说免费下载
Copyright©2014 www.hengyan.com All Rights Reserved
","杀手,纨绔,热血,YY,学生,明星",都市
66,花都狂龙,221320,"楚风，意外重生到了纨绔大少身上，开始掀起了一阵都市狂潮！
美女未婚妻，清纯小萝莉，性感的御姐，一个个为之倾心。
暧昧不断，YY无极限。
楚风：我是要成为一个极品流氓的男人，所有的美女，都是我的目标。
花都狂龙是作者""搞怪笑笑侠""倾力创作的都市小说,在恒言中文网首发,提供最新章节无弹窗广告阅读,请支持原创正版。
粤ICP备20022615号-1
桂B2-20130025
提供都市小说、言情小说等好看的小说在线阅读，最新小说免费下载
Copyright©2014 www.hengyan.com All Rights Reserved
","后宫,YY,扮猪吃老虎,重生,热血",都市
67,最强贴身保安,217392,"小小保安，凭着一身功法本事他无所畏惧，四处吸金诱美，一次狗血事件竟然让他得到女上司的垂青，从此霉运、好运交叉不断。平凡的岗位活出不平凡的人生。主角很强悍，泡妞打架无一不通，装逼卖弄无一不晓……
最强贴身保安是作者""阿兽""倾力创作的都市小说,在恒言中文网首发,提供最新章节无弹窗广告阅读,请支持原创正版。
粤ICP备20022615号-1
桂B2-20130025
提供都市小说、言情小说等好看的小说在线阅读，最新小说免费下载
Copyright©2014 www.hengyan.com All Rights Reserved
",暂无,都市
68,重生之官场天才,208942,"平民子弟车祸身亡，突然成为官场豪门少爷。是继续放纵自己，还是换一种人生--官路杨帆？
本该是两个人的人生线索，从此都交错在他……
重生之官场天才是作者""大号吹一吹""倾力创作的都市小说,在恒言中文网首发,提供最新章节无弹窗广告阅读,请支持原创正版。
粤ICP备20022615号-1
桂B2-20130025
提供都市小说、言情小说等好看的小说在线阅读，最新小说免费下载
Copyright©2014 www.hengyan.com All Rights Reserved
",暂无,都市
69,俏总裁的超级保镖,204862,"异能高手变身成为俏娇女老板的贴身保镖，多金帅气，再加上不凡的身手，惹得各方美女纷纷飞来，清纯可爱小萝莉，风韵犹存的御姐，律政俏佳人，冷艳孤傲女间谍，看他如何流连其中？
俏总裁的超级保镖是作者""挺恐怖的""倾力创作的都市小说,在恒言中文网首发,提供最新章节无弹窗广告阅读,请支持原创正版。
粤ICP备20022615号-1
桂B2-20130025
提供都市小说、言情小说等好看的小说在线阅读，最新小说免费下载
Copyright©2014 www.hengyan.com All Rights Reserved
",暂无,都市
70,美女的超级保镖,195300,"什么！师傅，你没搞错吧！你让我去搞定华国四大富翁之一的女儿，母老虎的屁股可是摸不得啊！徒儿，完成这次任务你要风得风，要雨得雨，何必跟着师傅在这穷山沟里苦修呢。于是，邱枫便开始了他的人生……

美女的超级保镖是作者""丛来从往""倾力创作的都市小说,在恒言中文网首发,提供最新章节无弹窗广告阅读,请支持原创正版。
粤ICP备20022615号-1
桂B2-20130025
提供都市小说、言情小说等好看的小说在线阅读，最新小说免费下载
Copyright©2014 www.hengyan.com All Rights Reserved
","扮猪吃老虎,热血,暧昧",都市
71,玩美邪少,189980,"他低调的混迹在校园，只想安安静静的做一个美男子，一次偶然的救美，却让他陷入一场浩大的阴谋之中。
本以为能沉寂于平凡世界，但面临一次次危机时，一颗不平凡的心再次被点燃。
林奇咆哮向天说到：我要这天，再也遮不住我的眼，我要这地，再埋不了我的心，我要把绝色美人，揽入怀中疼爱。
玩美邪少是作者""雨非墨""倾力创作的都市小说,在恒言中文网首发,提供最新章节无弹窗广告阅读,请支持原创正版。
粤ICP备20022615号-1
桂B2-20130025
提供都市小说、言情小说等好看的小说在线阅读，最新小说免费下载
Copyright©2014 www.hengyan.com All Rights Reserved
","励志,青春,同居,YY,热血",都市
72,玩美高手在都市,189608,"一次误会的亲吻，他被迫沦为美女的保镖，本以为能在都市低调修炼。
却无意招惹到清纯校花，霸气女总裁，冷傲女警花......被卷入一场又一场的阴谋当中，凭借自身能力化解了一场又一场的危机。
林寒，永远是美女心中的男神，他书写着属于自己的玩美传奇！
玩美高手在都市是作者""忘穿秋裤""倾力创作的都市小说,在恒言中文网首发,提供最新章节无弹窗广告阅读,请支持原创正版。
粤ICP备20022615号-1
桂B2-20130025
提供都市小说、言情小说等好看的小说在线阅读，最新小说免费下载
Copyright©2014 www.hengyan.com All Rights Reserved
","暧昧,张扬,搞笑,扮猪吃老虎,爽文",都市
73,绝世高手闯花都,183581,"都市一吊丝男，意外成为上古大神女娲的嫡传弟子，从而获得奇妙的法力。为了完成女娲娘娘的使命，他回到都市，与成熟知性的美女上司勾搭，与可爱萌萝莉玩同住，更与性感魅惑的兔妖一起修炼。
有人找麻烦，踩了！有人下绊子，干了！可竟然还有魔界的家伙出没？没事！王林说：照干不误！

绝世高手闯花都是作者""十块黄山""倾力创作的都市小说,在恒言中文网首发,提供最新章节无弹窗广告阅读,请支持原创正版。
粤ICP备20022615号-1
桂B2-20130025
提供都市小说、言情小说等好看的小说在线阅读，最新小说免费下载
Copyright©2014 www.hengyan.com All Rights Reserved
",暂无,都市
74,最强全才,167086,"身体灼热，如万蚁噬骨。脑部胀痛，如遭电击。
出生草根的杨布丁，承受爱人抛弃，为成人上人默默忍受常人无法想象的痛苦。
偶一日苦尽甘来，得到外来的最高科技主脑－－－万能眼镜。神经穿透，与异世界主脑面对面说话，多项超能力，从此开始了只属于他的彪悍人生。
瞬息位移、透视之眼、心灵感应、梦境构建、电磁风暴、基因突变、隐形分身、时空乱流、空间巨裂......
...
最强全才是作者""心逝""倾力创作的都市小说,在恒言中文网首发,提供最新章节无弹窗广告阅读,请支持原创正版。
粤ICP备20022615号-1
桂B2-20130025
提供都市小说、言情小说等好看的小说在线阅读，最新小说免费下载
Copyright©2014 www.hengyan.com All Rights Reserved
",暂无,都市
75,重生之追美高手,156421,"郭成再次睁开眼睛，发现自己重生回到了过去，脑中也多了个系统。
从此，上得厅堂，下得厨房，装得了老千，扮得了兵王，踩得死天才，斗得过流氓。
进可单手御众敌，退可笑脸迎人妻。
“我的职业？你知道的，现在想来，我一直想当个正经学生的。恩，正经学生。”

重生之追美高手是作者""风起云涌""倾力创作的都市小说,在恒言中文网首发,提供最新章节无弹窗广告阅读,请支持原创正版。
粤ICP备20022615号-1
桂B2-20130025
提供都市小说、言情小说等好看的小说在线阅读，最新小说免费下载
Copyright©2014 www.hengyan.com All Rights Reserved
","重生,兵王,保镖,暧昧,热血",都市
76,我的27岁俏空姐,155901,"一个正直有为的青年，转眼间被戴上了莫须有的罪名
一双无与伦比的美腿，竟然让两个高级白领喝下幸福的洗脚水。
九死一生的他意外获得了巨额财富，如何报恩报仇？

我的27岁俏空姐是作者""大器晚成""倾力创作的都市小说,在恒言中文网首发,提供最新章节无弹窗广告阅读,请支持原创正版。
粤ICP备20022615号-1
桂B2-20130025
提供都市小说、言情小说等好看的小说在线阅读，最新小说免费下载
Copyright©2014 www.hengyan.com All Rights Reserved
","杀手,奇遇,暧昧,复仇",都市
77,花都兽医,155719,"修得控兽之法，男猪脚竟然掌握了与动物沟通的能力，于是他本来平静的生活，从此发生了天翻地覆的变化！
各种一身绝技的动物接连出现，唱歌跳舞、医术赌术、打拳赛车……提取所有动物的能力，为我所用！
玉女形象的女兽医、青春靓丽的宠物美容师、高冷千金、长腿女警、校花、姐妹花……面对她们，猪脚又该作何选择？
钻进动物群，他只是兽医；泡进美人堆，他就是‘禽兽’！
花都兽医是作者""死跑龙套的""倾力创作的都市小说,在恒言中文网首发,提供最新章节无弹窗广告阅读,请支持原创正版。
粤ICP备20022615号-1
桂B2-20130025
提供都市小说、言情小说等好看的小说在线阅读，最新小说免费下载
Copyright©2014 www.hengyan.com All Rights Reserved
","暧昧,种田,技术流",都市
78,绝顶狂少,153117,"一场阴谋揭开一场腥风血雨，满腔怒火构建一片天。
以满腔热血、不屈脊梁支撑起一片不朽不灭的天空。血为酒、豪情做歌，畅饮、狂放，讴一曲肝胆相照、义重如山。这，就是悲惨的世界！ 谨以此书献给还有热血，还有真情的人们。

绝顶狂少是作者""心逝""倾力创作的都市小说,在恒言中文网首发,提供最新章节无弹窗广告阅读,请支持原创正版。
粤ICP备20022615号-1
桂B2-20130025
提供都市小说、言情小说等好看的小说在线阅读，最新小说免费下载
Copyright©2014 www.hengyan.com All Rights Reserved
","热血,学生,王子,花季校园,权谋,黑道,热血,都市",都市
79,纨绔兵王,151910,"他是军队里的终极兵王，他家里有一个貌美如花的未婚妻，他还有一个纨绔衙内的惊世身份。
且看杨毅晨退役回归都市后，该如何去面那对身材火爆的暴力女教官，同时身边又有一波波的美女袭来，他又如何才能应付呢……
纨绔兵王是作者""依然坚挺""倾力创作的都市小说,在恒言中文网首发,提供最新章节无弹窗广告阅读,请支持原创正版。
粤ICP备20022615号-1
桂B2-20130025
提供都市小说、言情小说等好看的小说在线阅读，最新小说免费下载
Copyright©2014 www.hengyan.com All Rights Reserved
",暂无,都市
80,龙血兵王,149692,"曾经叱咤风云的龙血兵王，销声匿迹几年之后，为了初恋情人的承诺重返都市，再度掀起腥风血雨！！
龙血兵王是作者""伪神""倾力创作的都市小说,在恒言中文网首发,提供最新章节无弹窗广告阅读,请支持原创正版。
粤ICP备20022615号-1
桂B2-20130025
提供都市小说、言情小说等好看的小说在线阅读，最新小说免费下载
Copyright©2014 www.hengyan.com All Rights Reserved
","兵王,暧昧,保镖",都市
81,憨人闯天下,139466,"一个穷小子，从下没了爹娘，靠着憨脾气，身在地窖奇遇，是自身有了奇能，在和村长较量中决定闯天下。人心向背，改变了激起废柴憨二小的命运。
原本与世无争的生活被一次无端的斗嘴打破，也让他知道只有自己励志才能成就一生的愿望。
一次偶遇，换得一身特殊体质，引伴他走向人生征途，一路的争斗，一路的机遇，成就他为村里搞副业，给自己创事业的动力。
行至事业稍有成就，却发...
憨人闯天下是作者""伴您行""倾力创作的都市小说,在恒言中文网首发,提供最新章节无弹窗广告阅读,请支持原创正版。
粤ICP备20022615号-1
桂B2-20130025
提供都市小说、言情小说等好看的小说在线阅读，最新小说免费下载
Copyright©2014 www.hengyan.com All Rights Reserved
","热血,种田,青春,励志",都市
82,超级修真保安,139268,"一种高科技透视眼镜的研发，引来各国的争抢。
一个被家族抛弃十五年的废柴，如今回到华夏，保护美女与透视眼镜。
八大家族的争斗、国外势力的抢夺、异界种族的降临、修真大陆的侵略。
一场天大的阴谋在向他招手，各路美女也在向他怀中涌来，他会怎样面对……
且看林若风如何登上王者巅峰、统治世界、坐拥美女无数。

超级修真保安是作者""时间凝固""倾力创作的都市小说,在恒言中文网首发,提供最新章节无弹窗广告阅读,请支持原创正版。
粤ICP备20022615号-1
桂B2-20130025
提供都市小说、言情小说等好看的小说在线阅读，最新小说免费下载
Copyright©2014 www.hengyan.com All Rights Reserved
","保镖,暧昧,YY,热血,猥琐",都市
83,超级仙医,126852,"被恶灵伏击，秦峰使用父亲遗留给自己的“神符”死里逃生，却让他回到了十年前被逐出秦家之时。
秦峰身为第六十八代命纹师强势回归，携各色美女佳人，化解重重危机，混得如鱼得水，风生水起。
且看超级仙医如何改变命运，掌控未来，一路高歌猛进，成为天下第一人！
超级仙医是作者""咸蛋超人""倾力创作的都市小说,在恒言中文网首发,提供最新章节无弹窗广告阅读,请支持原创正版。
粤ICP备20022615号-1
桂B2-20130025
提供都市小说、言情小说等好看的小说在线阅读，最新小说免费下载
Copyright©2014 www.hengyan.com All Rights Reserved
","重生,医生,热血,暧昧,YY",都市
84,超级花王,124020,"花云天为了泡个校花做老婆，毅然选择参加选秀，成为了娱乐圈内最耀眼的明星。
校花老婆到手后，花云天惊恐的发现自己对每一个女人都有想法，这还不是最可怕，最可怕的是……
新书更需要大家的关注，请多多支持！老书‘极品暧昧人生’已精彩完本。没有看过的，闹书荒的书友可去一观，不敢说多好，但还是有些‘特’色，你懂的。
超级花王是作者""心心点风""倾力创作的都市小说,在恒言中文网首发,提供最新章节无弹窗广告阅读,请支持原创正版。
粤ICP备20022615号-1
桂B2-20130025
提供都市小说、言情小说等好看的小说在线阅读，最新小说免费下载
Copyright©2014 www.hengyan.com All Rights Reserved
","暧昧,奇遇,明星,扮猪吃老虎,激情,爽文",都市
85,重生之职场天才,118630,"一套无名的拳法，一个离奇的梦境，造就了一个传奇，一个可以纵横官场，驰骋商界，招招手便能坐拥娱乐圈无数绝艳美女的三栖牛人！
收藏此书，收藏一个懵懂小子携美成王的潇洒之路……
重生之职场天才是作者""宁Smile""倾力创作的都市小说,在恒言中文网首发,提供最新章节无弹窗广告阅读,请支持原创正版。
粤ICP备20022615号-1
桂B2-20130025
提供都市小说、言情小说等好看的小说在线阅读，最新小说免费下载
Copyright©2014 www.hengyan.com All Rights Reserved
",暂无,都市
86,特种兵王混花都,118192,"他是某大军区的顶尖兵王，在一次国外执行秘密任务中被出卖整个行动小组惨遭暗算。他重伤逃脱，侥幸获救。醒来后誓要查出真相……
一个将会引发混乱的惊天秘密，将被慢慢牵出，他再战江湖，一路横扫，纵横无忌，打出巅峰霸业！

特种兵王混花都是作者""郭一冰""倾力创作的都市小说,在恒言中文网首发,提供最新章节无弹窗广告阅读,请支持原创正版。
粤ICP备20022615号-1
桂B2-20130025
提供都市小说、言情小说等好看的小说在线阅读，最新小说免费下载
Copyright©2014 www.hengyan.com All Rights Reserved
",暂无,都市
87,特种兵在都市,112056,"不变的信仰、矫健的身手，坚强的意志，他们是真正的“利剑”一把锋利的宝剑。

特种兵在都市是作者""苍天憾""倾力创作的都市小说,在恒言中文网首发,提供最新章节无弹窗广告阅读,请支持原创正版。
粤ICP备20022615号-1
桂B2-20130025
提供都市小说、言情小说等好看的小说在线阅读，最新小说免费下载
Copyright©2014 www.hengyan.com All Rights Reserved
","军人,刑侦,铁血,特警,金刀",都市
88,生命掌控者之纵横天下,107869,"为找工作而焦头烂额的邢刀，被侵入梦境，什么被选中者，什么生命掌控者，什么神秘系统？邢刀一句都听不懂啊！被强行拉入系统的邢刀从此开始了神奇有趣、美女如云的探秘之旅。
生命掌控者之纵横天下是作者""小狼""倾力创作的都市小说,在恒言中文网首发,提供最新章节无弹窗广告阅读,请支持原创正版。
粤ICP备20022615号-1
桂B2-20130025
提供都市小说、言情小说等好看的小说在线阅读，最新小说免费下载
Copyright©2014 www.hengyan.com All Rights Reserved
","热血,奇遇,青春,励志,扮猪吃老虎,医生",都市
89,女总裁的极品保镖,92578,"他，曾是雇佣兵世界里的绝对王者！
他，曾是一个让战场上敌人闻风丧胆的血修罗！
如今，却因曾经的一个诺言回归繁华都市，迎娶冷艳女总裁，原本只想平静的生活，但树欲静而风不止，各方势力却如飞蛾扑火，涌现在他的身边……
让他不得不再次化身血手修罗，迎战天下！
女总裁的极品保镖是作者""顾小情""倾力创作的都市小说,在恒言中文网首发,提供最新章节无弹窗广告阅读,请支持原创正版。
粤ICP备20022615号-1
桂B2-20130025
提供都市小说、言情小说等好看的小说在线阅读，最新小说免费下载
Copyright©2014 www.hengyan.com All Rights Reserved
","兵王,杀手,保镖,世家",都市
90,校花之全职保镖,92023,"超级兵王回归都市，再续强者传奇，成为火辣校花的全职保镖！
守护校花，泡上她！男儿一怒为红颜，杀人如麻保护她！
一代兵王项磊开启一道精彩和热血的人生！

校花之全职保镖是作者""九天""倾力创作的都市小说,在恒言中文网首发,提供最新章节无弹窗广告阅读,请支持原创正版。
粤ICP备20022615号-1
桂B2-20130025
提供都市小说、言情小说等好看的小说在线阅读，最新小说免费下载
Copyright©2014 www.hengyan.com All Rights Reserved
","猥琐,搞笑",都市
91,小男人成长录,90009,"人生就像是永不完结的电视剧，就算会有结局也不过是变成一个新的开始。
御姐霸道，萝莉呆萌，这不过是一个小男人眼中的世界罢了！
断桥相逢终有别，再见伊人笑嫣然。
原来成长可以如此的多姿绮丽。。。。。
小男人成长录是作者""X大器晚成""倾力创作的都市小说,在恒言中文网首发,提供最新章节无弹窗广告阅读,请支持原创正版。
粤ICP备20022615号-1
桂B2-20130025
提供都市小说、言情小说等好看的小说在线阅读，最新小说免费下载
Copyright©2014 www.hengyan.com All Rights Reserved
","青春,励志,冤家,姐弟恋,网恋,异地恋,姐弟恋,异地恋,网恋",都市
92,雄霸天下,87943,"他是身世神秘的孤儿，随兵王训练十年成为新一届兵王。他心狠手辣却不失善良正直。
他拥有上位者得头脑亚拥有波澜不惊的心理。身边美女不断，暧昧不断。
统治地下世界，阴暗与光明之间觥筹交错成为真正的人上人！
雄霸天下是作者""王若本主""倾力创作的都市小说,在恒言中文网首发,提供最新章节无弹窗广告阅读,请支持原创正版。
粤ICP备20022615号-1
桂B2-20130025
提供都市小说、言情小说等好看的小说在线阅读，最新小说免费下载
Copyright©2014 www.hengyan.com All Rights Reserved
","杀手,暧昧,热血,YY,复仇,爽文",都市
93,都市猎爱高手,84526,"“你是红娘？”
“对，哥是都市猎爱高手。剩男剩女不要怕，征婚来找吴大大，只要让哥摸一下，爱情不再是神话。”
小职员吴志健，惨遭女友背叛，公司开除，偶然得到一块真爱宝石，并被真爱女神幽幽在大脑里安装上征爱升级系统，任何让吴志健亲密接触过的人，将会视亲密程度在未来十天内遇到真爱自己的人，进入远房表姑柳梦苓开的真爱婚介所后，更是混得如鱼得水，水起风生……

都市猎爱高手是作者""为汝写书""倾力创作的都市小说,在恒言中文网首发,提供最新章节无弹窗广告阅读,请支持原创正版。
粤ICP备20022615号-1
桂B2-20130025
提供都市小说、言情小说等好看的小说在线阅读，最新小说免费下载
Copyright©2014 www.hengyan.com All Rights Reserved
","爽文,暧昧,张扬,搞笑,YY",都市
94,绝品狂徒,81884,"一个普通青年意外得到一枚戒指之后，展开的香色人生！
无论你是御姐、警花、萝莉，还是高傲清冷的女神。
遇到他，那都是你前世的造化，得到他，才是你今生的幸运！
张口，可以断生死；伸手，就能控万物。
屌丝逆袭，活出不一样的精彩
绝品狂徒是作者""淘菊花滴小伙子""倾力创作的都市小说,在恒言中文网首发,提供最新章节无弹窗广告阅读,请支持原创正版。
粤ICP备20022615号-1
桂B2-20130025
提供都市小说、言情小说等好看的小说在线阅读，最新小说免费下载
Copyright©2014 www.hengyan.com All Rights Reserved
","暧昧,YY,青春,爽文,花季校园",都市
95,超级花都保镖,79813,"身为一名身体受伤的特工学徒，云羽为了报答师父的恩情，被派去大学里，成为了刁钻精明的美女贴身保镖。
谁料想却在大学里遇见自己心爱之人，两人之间的一系列事情，之后又因为富家小姐的插足，三人陷入思绪纷飞的漩涡，并因此产生一系列的情感纠葛。
到底该如何去选择？是富家小姐还是心爱之人？
且看云羽如何在重重考验之中，为爱突围。
超级花都保镖是作者""莫雨""倾力创作的都市小说,在恒言中文网首发,提供最新章节无弹窗广告阅读,请支持原创正版。
粤ICP备20022615号-1
桂B2-20130025
提供都市小说、言情小说等好看的小说在线阅读，最新小说免费下载
Copyright©2014 www.hengyan.com All Rights Reserved
","学生,青春",都市
96,妖金令,79778,"一个普通不起眼的雕像，却深藏三件旷世奇宝。一位普通平凡的上班族，稀里糊涂成为奇宝之主，被迫走上修炼之路。化解危机之时，将众美揽入怀抱，最终成就巅峰。
妖金令是作者""七毛冯""倾力创作的都市小说,在恒言中文网首发,提供最新章节无弹窗广告阅读,请支持原创正版。
粤ICP备20022615号-1
桂B2-20130025
提供都市小说、言情小说等好看的小说在线阅读，最新小说免费下载
Copyright©2014 www.hengyan.com All Rights Reserved
","召唤,热血,奇遇,魔法,搞笑",都市
97,医品神相,76481,"一针千金，一方难求，妙手逆乾坤，神针转阴阳。
靠着精湛医术，一部逆天功法，从此展开万花丛中过的精彩人生。
医品神相是作者""爱艺""倾力创作的都市小说,在恒言中文网首发,提供最新章节无弹窗广告阅读,请支持原创正版。
粤ICP备20022615号-1
桂B2-20130025
提供都市小说、言情小说等好看的小说在线阅读，最新小说免费下载
Copyright©2014 www.hengyan.com All Rights Reserved
","医生,暧昧,猥琐",都市
98,都市修真强者,76355,"一个身怀绝世神功的超级高手，闯荡花都，所向披靡。
都市修真强者是作者""无情""倾力创作的都市小说,在恒言中文网首发,提供最新章节无弹窗广告阅读,请支持原创正版。
粤ICP备20022615号-1
桂B2-20130025
提供都市小说、言情小说等好看的小说在线阅读，最新小说免费下载
Copyright©2014 www.hengyan.com All Rights Reserved
","医生,暧昧,兵王",都市
99,极品修真民工,76195,"一个天生能够修炼的纯阳之体，在一次偶然而又狗血的机会，他却从一个大和尚那获得了一本古书……从此展开了一个热血的人生旅途！
极品修真民工是作者""鱼不鱼""倾力创作的都市小说,在恒言中文网首发,提供最新章节无弹窗广告阅读,请支持原创正版。
粤ICP备20022615号-1
桂B2-20130025
提供都市小说、言情小说等好看的小说在线阅读，最新小说免费下载
Copyright©2014 www.hengyan.com All Rights Reserved
",暂无,都市
100,我的老婆是女神,75891,"出任CEO，走上人生巅峰。
我的老婆是女神是作者""飞羽""倾力创作的都市小说,在恒言中文网首发,提供最新章节无弹窗广告阅读,请支持原创正版。
粤ICP备20022615号-1
桂B2-20130025
提供都市小说、言情小说等好看的小说在线阅读，最新小说免费下载
Copyright©2014 www.hengyan.com All Rights Reserved
","保镖,猥琐",都市
101,都市逍遥医神,75592,"上古医术唯一传人，来到医科大学当了一名小教师。
精彩的花都人生，从此开始。
都市逍遥医神是作者""坤神""倾力创作的都市小说,在恒言中文网首发,提供最新章节无弹窗广告阅读,请支持原创正版。
粤ICP备20022615号-1
桂B2-20130025
提供都市小说、言情小说等好看的小说在线阅读，最新小说免费下载
Copyright©2014 www.hengyan.com All Rights Reserved
","医生,暧昧",都市
102,极品医神,73460,"一块神奇的土地，矮屌丝摇身变成了华丽丽的高富帅。
会武功，懂医术！
周围纨绔通通踩，身边校花、御姐个个绝色，他的人生从此开始多姿多彩......
极品医神是作者""长大的鱼""倾力创作的都市小说,在恒言中文网首发,提供最新章节无弹窗广告阅读,请支持原创正版。
粤ICP备20022615号-1
桂B2-20130025
提供都市小说、言情小说等好看的小说在线阅读，最新小说免费下载
Copyright©2014 www.hengyan.com All Rights Reserved
","医生,扮猪吃老虎,热血",都市
103,那些一起混过的日子,71244,"初中的那些事，那些人，还有那份情。虽然早已成为历史，永远定格在了过去;但是一切又仿佛尽在昨日，让人一辈子也无法忘记。这就是所谓的刻骨铭心吧？
回忆是美好的，写出来，不只是属于你，还能去属于更多的人。

那些一起混过的日子是作者""孤风一狂""倾力创作的都市小说,在恒言中文网首发,提供最新章节无弹窗广告阅读,请支持原创正版。
粤ICP备20022615号-1
桂B2-20130025
提供都市小说、言情小说等好看的小说在线阅读，最新小说免费下载
Copyright©2014 www.hengyan.com All Rights Reserved
","热血,学生,青春",都市
104,都市逍遥录,65548,"这是一个没有异能没有古武的传奇故事，有的只是青春的热血和兄弟的情谊。看安东旭如何从一个不知名的人一步步走向辉煌……
都市逍遥录是作者""依然默""倾力创作的都市小说,在恒言中文网首发,提供最新章节无弹窗广告阅读,请支持原创正版。
粤ICP备20022615号-1
桂B2-20130025
提供都市小说、言情小说等好看的小说在线阅读，最新小说免费下载
Copyright©2014 www.hengyan.com All Rights Reserved
","热血,青春,激情,斗智,铁血,权谋",都市
105,都市极品男,64872,"天降奇运，我怎甘平凡
古武异能，我玩于股掌
纵横都市，我何以畏惧
钱权情势，我欲为何物
战于情仇间，坐拥众美怀
冲破巅峰日，任我逍遥时
（张天豪：“我做得到，因为我是极品。”）
都市极品男是作者""炫月变""倾力创作的都市小说,在恒言中文网首发,提供最新章节无弹窗广告阅读,请支持原创正版。
粤ICP备20022615号-1
桂B2-20130025
提供都市小说、言情小说等好看的小说在线阅读，最新小说免费下载
Copyright©2014 www.hengyan.com All Rights Reserved
","杀手,猥琐,学生",都市
106,都市最强纨绔,63616,"五百年后国家培养出来的超级人才，在一次执行任务中身亡，灵魂穿越附身在了一名患有惊恐症的大家族少爷身上，从此开始了他牛掰的人生，商业、军营、医疗等多个领域都能看到他的身影，凡是他涉及的领域，其他人只能够仰望他。
都市最强纨绔是作者""马上有钱""倾力创作的都市小说,在恒言中文网首发,提供最新章节无弹窗广告阅读,请支持原创正版。
粤ICP备20022615号-1
桂B2-20130025
提供都市小说、言情小说等好看的小说在线阅读，最新小说免费下载
Copyright©2014 www.hengyan.com All Rights Reserved
",暂无,都市
107,护花兵王在都市,62549,"【本文根据真实事件改变，贴近现实，又跌宕起伏，尽请观看】昔日兵王沈聪回归都市，却遭拜金女友嫌弃，流离间被酒店老板欣怡姐收留，不料又遭女友富二代男友挑衅，而后身不由己的沈聪一步步被卷入了宁州市的黑暗漩涡之中。商场，地下世界，在肉欲与权势交织的宁州市，且看沈聪如何扮猪吃老虎，凭借一腔骚拳，在权欲横流的都市，醒掌天下权醉卧美人膝，赤手空拳，打出一片江山。
护花兵王在都市是作者""幕后先生""倾力创作的都市小说,在恒言中文网首发,提供最新章节无弹窗广告阅读,请支持原创正版。
粤ICP备20022615号-1
桂B2-20130025
提供都市小说、言情小说等好看的小说在线阅读，最新小说免费下载
Copyright©2014 www.hengyan.com All Rights Reserved
","兵王,暧昧,奇遇,合租,搞笑",都市
108,一代狂枭,57364,"灯光霓虹，五彩斑斓，看似华丽的外壳究竟包裹着怎样的城市？
尔虞我诈，颠沛流离，我们如同那腐烂了的残缺的核，是幻觉？
物竞天择，适者生存，这城市中的繁华掩没了一切的罪恶气息。
于是，一切得以释然……
一代狂枭是作者""李九""倾力创作的都市小说,在恒言中文网首发,提供最新章节无弹窗广告阅读,请支持原创正版。
粤ICP备20022615号-1
桂B2-20130025
提供都市小说、言情小说等好看的小说在线阅读，最新小说免费下载
Copyright©2014 www.hengyan.com All Rights Reserved
",九哥 热血 江湖,都市
109,论坛推广综合指南,54820,"本书不定期更新，添加内容，旨在为新人作家讲解签约流程，写文注意事项，论坛宣传，红书推广，有兴趣的朋友不妨看下，只是一点从业多年的交流心得，希望能对你们有所帮助。我的QQ：553732078，腾讯微博：http://t.qq.com/a553732078
论坛推广综合指南是作者""林冷""倾力创作的都市小说,在恒言中文网首发,提供最新章节无弹窗广告阅读,请支持原创正版。
粤ICP备20022615号-1
桂B2-20130025
提供都市小说、言情小说等好看的小说在线阅读，最新小说免费下载
Copyright©2014 www.hengyan.com All Rights Reserved
",暂无,都市
110,迷乱青春伤不起,54508,"一个无业小痞子在游手好闲的日子里经历一场邂逅，从此心路及生活历程发生了翻天覆地的变化，当以为生活逐步走上正轨时，却遭遇了一场又一场突如其来的变故......
迷乱青春伤不起是作者""李没才""倾力创作的都市小说,在恒言中文网首发,提供最新章节无弹窗广告阅读,请支持原创正版。
粤ICP备20022615号-1
桂B2-20130025
提供都市小说、言情小说等好看的小说在线阅读，最新小说免费下载
Copyright©2014 www.hengyan.com All Rights Reserved
",暂无,都市
111,我的纯情女上司,51595,"一个原本与世无争，生活条件优越的学校骄子，经历了桑沧巨变。
为了追查父亲的神密死因，被卷入了一个曲折多变，扑朔迷离，震惊国际的大案，成为了多方追杀的对象。
他能死里逃生吗？
他的命运又将发生何等的改变......
我的纯情女上司是作者""孑行者""倾力创作的都市小说,在恒言中文网首发,提供最新章节无弹窗广告阅读,请支持原创正版。
粤ICP备20022615号-1
桂B2-20130025
提供都市小说、言情小说等好看的小说在线阅读，最新小说免费下载
Copyright©2014 www.hengyan.com All Rights Reserved
","热血,复仇,激情,斗智,奇遇",都市
112,武林低手在校园,49111,"苦逼男主，神奇地考入省里的重点中学。本着与世无争，却突然受好友所托，护送一个神秘少女去一个神秘之地做一件很神秘的事。麻烦也接踵而至。
武林低手在校园是作者""散尘""倾力创作的都市小说,在恒言中文网首发,提供最新章节无弹窗广告阅读,请支持原创正版。
粤ICP备20022615号-1
桂B2-20130025
提供都市小说、言情小说等好看的小说在线阅读，最新小说免费下载
Copyright©2014 www.hengyan.com All Rights Reserved
","暧昧,热血,青春,搞笑,花季校园,浪漫",都市
113,美女邻居,45347,"沐杨的邻居是个美艳少妇，她甜美而又神秘，妖艳而又性感。当他遇上她，又会将要上演一场怎么样的情缘呢？面对美女邻居的萦绕、成熟御姐、风情少妇、知性熟女的青睐，沐杨与众美女会碰撞出怎样的火花呢……
美女邻居是作者""罗卜青菜""倾力创作的都市小说,在恒言中文网首发,提供最新章节无弹窗广告阅读,请支持原创正版。
粤ICP备20022615号-1
桂B2-20130025
提供都市小说、言情小说等好看的小说在线阅读，最新小说免费下载
Copyright©2014 www.hengyan.com All Rights Reserved
","争霸,YY,合租,青春,同居,扮猪吃老虎",都市
114,都市三国之我命龙枪,45266,"天魔乱三国，群英汇天道。
异世入轮回，三国群英灵。
寻真命天龙，败乱世天魔。
风云四起，异世不平……
当叶龙的生活开始出现三国英灵的时候，他的一切，都随之改变！甚至于，他的以后……热血！成长！
都市三国之我命龙枪是作者""孤风少""倾力创作的都市小说,在恒言中文网首发,提供最新章节无弹窗广告阅读,请支持原创正版。
粤ICP备20022615号-1
桂B2-20130025
提供都市小说、言情小说等好看的小说在线阅读，最新小说免费下载
Copyright©2014 www.hengyan.com All Rights Reserved
",暂无,都市
115,末日之灵异轮回,41113,"我是一个对男人不感兴趣的富二代米女，有一天晚上加班，我在电梯里遭遇咸猪手非礼，从此霉运不断，在我身边发生了一连串匪夷所思的怪事……为此我决定冒险解开重重谜团，当我知道真相后，惊得目瞪口呆，简直无所适从！
末日之灵异轮回是作者""新燕顿旺""倾力创作的都市小说,在恒言中文网首发,提供最新章节无弹窗广告阅读,请支持原创正版。
粤ICP备20022615号-1
桂B2-20130025
提供都市小说、言情小说等好看的小说在线阅读，最新小说免费下载
Copyright©2014 www.hengyan.com All Rights Reserved
","召唤,魔法,炼丹,神兽,密宗,本教,巫术",都市
116,那些年追过我的男孩,40527,"水至清则无鱼，人至贱则无敌。
青春校园，一群二十岁少年的热血故事。金钱，权利，美人，怎么一步步获得？一群义气少年，闯天下的豪情，只要脉搏依旧还在跳动，前进的步伐永远高亢激昂。
那些年追过我的男孩是作者""十七天""倾力创作的都市小说,在恒言中文网首发,提供最新章节无弹窗广告阅读,请支持原创正版。
粤ICP备20022615号-1
桂B2-20130025
提供都市小说、言情小说等好看的小说在线阅读，最新小说免费下载
Copyright©2014 www.hengyan.com All Rights Reserved
","纨绔,青春,搞笑,腹黑,花季校园",都市
117,绝品天才,30022,"我本善良，却满手鲜血；我本痴心，却爱恨情仇；我本道德，却与恶起舞；我本愚钝，却冠称绝品！身负血海深仇，怎能甘为碌碌？一颗天才的心，造就绝品的我！
绝品天才是作者""流星血石""倾力创作的都市小说,在恒言中文网首发,提供最新章节无弹窗广告阅读,请支持原创正版。
粤ICP备20022615号-1
桂B2-20130025
提供都市小说、言情小说等好看的小说在线阅读，最新小说免费下载
Copyright©2014 www.hengyan.com All Rights Reserved
","热血,励志,爽文,青春",都市
118,异能突袭,26173,"雨夜拉开了异能的序幕。
江浩以夜行者的身份游走在这个城市，却无意间被卷入莫名异能种族的纷争。
星月组织和潜龙组织，他们到底是怎么样的一种存在？异能的起源来自何方？江浩的身世到底隐藏多大的秘密？
暗流涌动，一切都在一个异能者预言中进行着。
这，只是一个阴谋？
别开玩笑，我的人生不需要被预言！
且看小木以幽默的笔风...
异能突袭是作者""木在其中""倾力创作的都市小说,在恒言中文网首发,提供最新章节无弹窗广告阅读,请支持原创正版。
粤ICP备20022615号-1
桂B2-20130025
提供都市小说、言情小说等好看的小说在线阅读，最新小说免费下载
Copyright©2014 www.hengyan.com All Rights Reserved
",暂无,都市
119,我们那些年,25423,"谁不曾年少轻狂，人生路还漫长，不定谁更辉煌。
罗晨与他的战友们站立在茫茫大雪之中，看着离开多年的家乡，熟悉而又陌生。
但是他们有着坚定的信念不屈的精神，他们内心之中有一团永远不会熄灭的焰火。
如果还有明天，哥几个一起大喊：我们是兄弟！
我们那些年是作者""罗九日""倾力创作的都市小说,在恒言中文网首发,提供最新章节无弹窗广告阅读,请支持原创正版。
粤ICP备20022615号-1
桂B2-20130025
提供都市小说、言情小说等好看的小说在线阅读，最新小说免费下载
Copyright©2014 www.hengyan.com All Rights Reserved
","热血伴青春,激情随羁绊,反目终成仇,爱恨情交织",都市
120,黄帝卫,21669,"根据能量守恒定律：”世间上的能量既不会凭空产生，也不会凭空消失。
“科学家们发明和改造了许多推动人类社会进步的工具。
然而，全人类至今仍然不知人类死后以何种形态存在，又存在于何处。
有人说，我们生活之外还有多维空间；有人说，逝者以灵魂形式存在，只不过常人无法看见。
不过我知道，因为我是一名黄帝卫，这一切与蚩尤有关。
蚩尤，又名魔神...
黄帝卫是作者""有无相生""倾力创作的都市小说,在恒言中文网首发,提供最新章节无弹窗广告阅读,请支持原创正版。
粤ICP备20022615号-1
桂B2-20130025
提供都市小说、言情小说等好看的小说在线阅读，最新小说免费下载
Copyright©2014 www.hengyan.com All Rights Reserved
","学生,斗智,奇遇",都市
121,逆天魔神,21544,"他，不是吴三柜，却同样冲冠一怒为红颜。
他，不是关云长，却同样为了兄弟义博云天。
他，不是美男子，却得到倾城美女们的青睐。
凌双，十八岁的少年，如何在这个都市翻手为云，覆手为雨，尽在逆天魔神。
我不是君子，但也不是小人，我虽不能覆手得天下，但我可以把你踩在脚下。
你要战，我便战！- 凌双。
武者等级划分：黄阶，...
逆天魔神是作者""烈酒砒霜""倾力创作的都市小说,在恒言中文网首发,提供最新章节无弹窗广告阅读,请支持原创正版。
粤ICP备20022615号-1
桂B2-20130025
提供都市小说、言情小说等好看的小说在线阅读，最新小说免费下载
Copyright©2014 www.hengyan.com All Rights Reserved
","暧昧,热血,世家,奇遇,张扬,激情",都市
122,怪招侦探社,18382,"“曾被称为天朝之国在经历古朴与封建文化后步入追赶世界的时代，八大门派几近灭亡，剑、气宗的武学开始被人们放弃，古楼城宇转变钢铁城市，故事就发生在这个时代一个叫武都的城市，一群流淌着古老血液的侠士……”
“喂喂！高水，你写这种拉屎的剧情是作死的节奏么？”
“川哥，发表小说要写文案！就像电视节目发表感言一样，说出背后那些不为人知的苦难煽情故事”
“苦难煽情？...
怪招侦探社是作者""十七天""倾力创作的都市小说,在恒言中文网首发,提供最新章节无弹窗广告阅读,请支持原创正版。
粤ICP备20022615号-1
桂B2-20130025
提供都市小说、言情小说等好看的小说在线阅读，最新小说免费下载
Copyright©2014 www.hengyan.com All Rights Reserved
","热血,搞笑,机甲,战争,腹黑",都市
123,都市狂少,16887,"一提起江湖，无尽的打斗，无尽的冷酷就会浮现在人们脑海里。而真的江湖究竟如何？肆意妄为隐藏着什么？毫无人性因何而起？
一入江湖深似海，不是不想回头，是无路可退。
都市狂少是作者""冰糖菠萝""倾力创作的都市小说,在恒言中文网首发,提供最新章节无弹窗广告阅读,请支持原创正版。
粤ICP备20022615号-1
桂B2-20130025
提供都市小说、言情小说等好看的小说在线阅读，最新小说免费下载
Copyright©2014 www.hengyan.com All Rights Reserved
",暂无,都市
124,子彤的游戏人生,14547,"看一个普通的吊丝孩子，怎样把演艺圈玩弄于手掌之中。武术，黑客，算命，佛学。样样精通。看我怎样勇闯这不公平的世界。
子彤的游戏人生是作者""死心的子唯""倾力创作的都市小说,在恒言中文网首发,提供最新章节无弹窗广告阅读,请支持原创正版。
粤ICP备20022615号-1
桂B2-20130025
提供都市小说、言情小说等好看的小说在线阅读，最新小说免费下载
Copyright©2014 www.hengyan.com All Rights Reserved
","学生,明星,老师,青春,励志,斗智",都市
125,穿越之千年之恋,13259,"经过马嵬事变后，杨贵妃白练绕颈，香消玉殒，唐玄宗终日郁郁寡欢，最后得病至死，因玄宗对杨贵妃恋恋不忘，不愿入轮回，经玉帝批准，玄宗灵魂穿越千年，附在一本《唐史》上，一位高中生凌飞无意翻开《唐史》，得到了玄宗灵魂，从此，他的生活发生了很大的改变……

穿越之千年之恋是作者""郁孤书生""倾力创作的都市小说,在恒言中文网首发,提供最新章节无弹窗广告阅读,请支持原创正版。
粤ICP备20022615号-1
桂B2-20130025
提供都市小说、言情小说等好看的小说在线阅读，最新小说免费下载
Copyright©2014 www.hengyan.com All Rights Reserved
","学生,奇异,铁血,斗智",都市
126,不羁天王,12372,"从偏远乡村走出来的妖孽少年，只为打造自己的豪门。
却机缘巧合，女明星、学生妹、御姐——
看他如何笑傲险恶都市之中。
不羁天王是作者""西门小布""倾力创作的都市小说,在恒言中文网首发,提供最新章节无弹窗广告阅读,请支持原创正版。
粤ICP备20022615号-1
桂B2-20130025
提供都市小说、言情小说等好看的小说在线阅读，最新小说免费下载
Copyright©2014 www.hengyan.com All Rights Reserved
",暂无,都市
127,一起年少轻狂的日子,11234,"为什么一个有权或者是有钱的人，要去羞辱一个弱者？
为什么一个人仅仅没钱，就要被众人贬损，活得屈辱不堪？
为什么大家都要这样的对待我？
不！不！不！
我吴天，不是你们可以随意欺负的对象！
我没钱，我没权，可是我有尊严！
我不是你们人人都可你践踏的！
以前欺负我的人，我要你们知道什么叫做报复！

一起年少轻狂的日子是作者""淡定哥""倾力创作的都市小说,在恒言中文网首发,提供最新章节无弹窗广告阅读,请支持原创正版。
粤ICP备20022615号-1
桂B2-20130025
提供都市小说、言情小说等好看的小说在线阅读，最新小说免费下载
Copyright©2014 www.hengyan.com All Rights Reserved
","热血,暧昧,搞笑,青春",都市
128,看穿未来,10745,"罗阳，在一次车祸中拥有了预知未来的特殊能力。
从此，他的生活增添了诸多乐趣，可没想到，自己的人生轨迹也随之急剧变化……
叱咤赌场，杀人越货，阅尽天下美女，坐拥香车豪宅，为师门赴汤蹈火，为兄弟两肋插刀……
罗阳到底能否成就一方霸业？请听炎子为您一一道来。
看穿未来是作者""铁炎子""倾力创作的都市小说,在恒言中文网首发,提供最新章节无弹窗广告阅读,请支持原创正版。
粤ICP备20022615号-1
桂B2-20130025
提供都市小说、言情小说等好看的小说在线阅读，最新小说免费下载
Copyright©2014 www.hengyan.com All Rights Reserved
",暂无,都市
129,都市遨游,7626,"一个偶然的机会武夷捡到一部武功秘籍，走上刻苦修炼，卷入阴谋，逃出困境，再世为人的成长之路。
都市遨游是作者""武帝""倾力创作的都市小说,在恒言中文网首发,提供最新章节无弹窗广告阅读,请支持原创正版。
粤ICP备20022615号-1
桂B2-20130025
提供都市小说、言情小说等好看的小说在线阅读，最新小说免费下载
Copyright©2014 www.hengyan.com All Rights Reserved
",暂无,都市
130,那年十七,6931,"高一拘留所，高二监狱，高三地狱；进不了班级前十名，人生就坍塌毁灭……那年，十七岁！差媛差距差异，三个高二女生，抛弃高考，组团逃学，跑到上海滩，挤住在同乡冯花花的租赁屋里，早出晚归，打工见世面。四个来自江南水乡的小姐妹们，捏着一大把灿烂的青春，鲜衣怒马，仗剑天涯，一起在国际大都市里，快乐且艰难渡日。
惨烈疫情突然袭来，小女伴们都失业了，面临着没钱断炊的危险局面……
...
那年十七是作者""奇书""倾力创作的都市小说,在恒言中文网首发,提供最新章节无弹窗广告阅读,请支持原创正版。
粤ICP备20022615号-1
桂B2-20130025
提供都市小说、言情小说等好看的小说在线阅读，最新小说免费下载
Copyright©2014 www.hengyan.com All Rights Reserved
","学生,青春,励志",都市
131,恋爱时代之花开盛夏,6614,"故事发生在湖南省两座城市之间，一段关于大城与小城之间的故事，故事成分为看不到摸不着却存在的爱情。按照国际惯例，简单介绍一下主人公：刘超，性别男，种族人类，是一名不折不扣的单身屌丝男，扫把星转世的他，注定是永恒不灭的一颗天煞孤星，注定与寂寞相伴到老。已经大学毕业四年的他，依旧呆在益阳市的一家小公司里工作，整天不是说老板耍小心眼，就是说同事缺心眼。眼睁睁看着朋友同学娶娇妻、开豪车，转过头自己却开着...
恋爱时代之花开盛夏是作者""勿念寒""倾力创作的都市小说,在恒言中文网首发,提供最新章节无弹窗广告阅读,请支持原创正版。
粤ICP备20022615号-1
桂B2-20130025
提供都市小说、言情小说等好看的小说在线阅读，最新小说免费下载
Copyright©2014 www.hengyan.com All Rights Reserved
","爱情,悲剧",都市
132,神明,6368,"举头三尺有神明，多行不义必自毙！
神明是作者""三块钱花五天""倾力创作的都市小说,在恒言中文网首发,提供最新章节无弹窗广告阅读,请支持原创正版。
粤ICP备20022615号-1
桂B2-20130025
提供都市小说、言情小说等好看的小说在线阅读，最新小说免费下载
Copyright©2014 www.hengyan.com All Rights Reserved
",暂无,都市
133,诅咒之物,6311,"听着老爷子最后的遗言，但依旧对自己的身世不知，某一天，来学校寻找被封印的诅咒之物的青年冷段出现于白小龙的面前，在意外中吞下了灾厄王的手指成了这世界上唯一的“容器”，为了不枉老爷子失望，接受了张段悟的要求。
诅咒之物是作者""有点乱""倾力创作的都市小说,在恒言中文网首发,提供最新章节无弹窗广告阅读,请支持原创正版。
粤ICP备20022615号-1
桂B2-20130025
提供都市小说、言情小说等好看的小说在线阅读，最新小说免费下载
Copyright©2014 www.hengyan.com All Rights Reserved
","热血,学生,召唤",都市
134,修真大少生活录,5372,"【万龙新书《修真大少生活录》火爆上传......】
在这里没有弱者，只有不断的修炼，不断的让自己强大，这样才能活下去，且看一个平凡的少年怎样走上一个不平凡的修真之路，怎样纵横在现代大陆和异世大陆之间，掀起了多少血雨腥风.........
天地之大唯我独尊，洪荒永流，星辰流转，独闯异世，叱咤风云。
求各种打赏，点击，票票，，拜谢！！ 修真1群 28179...
修真大少生活录是作者""欧阳万龙""倾力创作的都市小说,在恒言中文网首发,提供最新章节无弹窗广告阅读,请支持原创正版。
粤ICP备20022615号-1
桂B2-20130025
提供都市小说、言情小说等好看的小说在线阅读，最新小说免费下载
Copyright©2014 www.hengyan.com All Rights Reserved
",暂无,都市
135,破凡归尘,4925,"呼风唤雨之人，步入轮回。
异界大陆千年风雨变幻，一道红雷从天而降，从此天变。
世人说我疯疯傻傻，我笑世人太直观！
异界之路艰难无比，终成正果，唯我一人观天下。
且看我如何从一武学白痴，徒手翻云，变成武圣，笑尽天下人.........
破凡归尘是作者""疯狂的石头D""倾力创作的都市小说,在恒言中文网首发,提供最新章节无弹窗广告阅读,请支持原创正版。
粤ICP备20022615号-1
桂B2-20130025
提供都市小说、言情小说等好看的小说在线阅读，最新小说免费下载
Copyright©2014 www.hengyan.com All Rights Reserved
","重生,奇遇,扮猪吃老虎,石头小说！",都市
136,懵懂校园,4880,"一位传奇竞技家却去上学？身世之谜  穿越之谜
都与那古树有关
懵懂校园是作者""梦火""倾力创作的都市小说,在恒言中文网首发,提供最新章节无弹窗广告阅读,请支持原创正版。
粤ICP备20022615号-1
桂B2-20130025
提供都市小说、言情小说等好看的小说在线阅读，最新小说免费下载
Copyright©2014 www.hengyan.com All Rights Reserved
",暂无,都市
